declaration_id,cn_code,quantity,unit,embedded_emissions_kgco2e,country_of_origin
CBAM-23728827,25232900,870.356,tonne,3543.741,CN
CBAM-81756847,72083900,75.638,tonne,4666.844,IN
CBAM-64694562,76011000,781.084,tonne,4687.898,TR
CBAM-67794298,28070010,102.105,tonne,3070.653,UA
CBAM-76887344,31021000,817.844,tonne,644.976,MA
CBAM-27832028,27160000,21.465,tonne,1801.83,CN
CBAM-52609186,25232900,441.148,tonne,1633.064,IN
CBAM-67938803,72083900,483.866,tonne,2259.602,TR
CBAM-67277276,76011000,64.94,tonne,2094.757,UA
CBAM-78506628,28070010,504.615,tonne,1572.969,MA
CBAM-40608734,31021000,17.556,tonne,4407.687,CN
CBAM-54303619,27160000,297.248,tonne,2538.214,IN
CBAM-60932400,25232900,927.288,tonne,4762.643,TR
CBAM-67910014,72083900,973.027,tonne,3125.441,UA
CBAM-18620154,76011000,724.741,tonne,44.907,MA
CBAM-05777842,28070010,574.21,tonne,1501.208,CN
CBAM-91137133,31021000,677.4,tonne,1945.18,IN
CBAM-64321073,27160000,127.615,tonne,3554.732,TR
CBAM-90861336,25232900,703.669,tonne,3810.628,UA
CBAM-43580297,72083900,588.732,tonne,3535.183,MA
CBAM-11759272,76011000,10.818,tonne,3772.321,CN
CBAM-47008223,28070010,5.704,tonne,2693.946,IN
CBAM-75380420,31021000,105.183,tonne,822.726,TR
CBAM-55587971,27160000,130.194,tonne,598.691,UA
CBAM-11415707,25232900,31.111,tonne,2055.468,MA
CBAM-50289558,72083900,653.607,tonne,1839.086,CN
CBAM-19752499,76011000,764.286,tonne,2460.14,IN
CBAM-22084151,28070010,865.468,tonne,4831.861,TR
CBAM-71511146,31021000,946.228,tonne,2640.745,UA
CBAM-57922576,27160000,941.921,tonne,881.768,MA
CBAM-84855684,25232900,576.725,tonne,934.588,CN
CBAM-14851826,72083900,479.033,tonne,1730.052,IN
CBAM-51963902,76011000,873.33,tonne,152.383,TR
CBAM-28208300,28070010,398.082,tonne,2824.65,UA
CBAM-12112801,31021000,896.595,tonne,4639.584,MA
CBAM-89184821,27160000,913.776,tonne,2977.954,CN
CBAM-30074348,25232900,686.595,tonne,1453.999,IN
CBAM-37203872,72083900,953.513,tonne,1841.319,TR
CBAM-59628781,76011000,533.927,tonne,1445.419,UA
CBAM-11548434,28070010,632.359,tonne,3014.536,MA
CBAM-10949152,31021000,815.182,tonne,436.985,CN
CBAM-38188409,27160000,773.354,tonne,3284.119,IN
CBAM-33310522,25232900,641.273,tonne,3851.878,TR
CBAM-81396249,72083900,518.089,tonne,2494.181,UA
CBAM-35557322,76011000,794.238,tonne,111.891,MA
CBAM-68802569,28070010,460.161,tonne,740.681,CN
CBAM-76451291,31021000,554.225,tonne,4414.94,IN
CBAM-77573644,27160000,423.388,tonne,3763.311,TR
CBAM-81630610,25232900,342.536,tonne,1060.669,UA
CBAM-41078731,72083900,814.273,tonne,1960.299,MA
CBAM-43911790,76011000,305.373,tonne,1892.478,CN
CBAM-42249729,28070010,241.474,tonne,3077.083,IN
CBAM-76889194,31021000,54.899,tonne,4498.631,TR
CBAM-76520374,27160000,898.247,tonne,253.488,UA
CBAM-59485426,25232900,65.513,tonne,656.317,MA
CBAM-14094392,72083900,600.907,tonne,1369.35,CN
CBAM-15608746,76011000,765.7,tonne,478.613,IN
CBAM-30173680,28070010,128.374,tonne,4781.259,TR
CBAM-47254302,31021000,47.868,tonne,3438.497,UA
CBAM-89920404,27160000,37.92,tonne,1340.571,MA
CBAM-96229768,25232900,528.691,tonne,3349.8,CN
CBAM-56326065,72083900,982.405,tonne,62.189,IN
CBAM-81681849,76011000,849.058,tonne,4642.262,TR
CBAM-34006240,28070010,569.756,tonne,4183.406,UA
CBAM-17058622,31021000,774.651,tonne,332.082,MA
CBAM-05702073,27160000,357.745,tonne,4218.08,CN
CBAM-18588310,25232900,674.459,tonne,999.859,IN
CBAM-44513649,72083900,454.152,tonne,526.539,TR
CBAM-70979794,76011000,305.082,tonne,1923.998,UA
CBAM-76711604,28070010,324.225,tonne,487.156,MA
CBAM-96518773,31021000,645.761,tonne,2630.2,CN
CBAM-51261153,27160000,787.056,tonne,2158.556,IN
CBAM-03377799,25232900,589.074,tonne,821.042,TR
CBAM-96699676,72083900,659.632,tonne,2578.16,UA
CBAM-88271496,76011000,658.894,tonne,4580.082,MA
CBAM-24126325,28070010,634.505,tonne,4405.754,CN
CBAM-50438409,31021000,420.583,tonne,1746.369,IN
CBAM-32492965,27160000,461.037,tonne,2554.766,TR
CBAM-51361338,25232900,989.299,tonne,1344.037,UA
CBAM-36289615,72083900,819.51,tonne,2255.293,MA
CBAM-98358886,76011000,120.595,tonne,4731.835,CN
CBAM-98459920,28070010,120.132,tonne,2212.228,IN
CBAM-16628644,31021000,832.184,tonne,809.411,TR
CBAM-24014606,27160000,307.606,tonne,228.517,UA
CBAM-36203750,25232900,993.689,tonne,2180.342,MA
CBAM-83257067,72083900,347.811,tonne,1001.208,CN
CBAM-80786750,76011000,479.4,tonne,408.68,IN
CBAM-61864459,28070010,352.845,tonne,1518.249,TR
CBAM-99297931,31021000,801.947,tonne,4180.477,UA
CBAM-29587242,27160000,23.363,tonne,2811.651,MA
CBAM-49587601,25232900,172.616,tonne,959.046,CN
CBAM-13335121,72083900,59.576,tonne,3925.994,IN
CBAM-53454829,76011000,297.099,tonne,4156.815,TR
CBAM-22498897,28070010,65.357,tonne,4537.235,UA
CBAM-86545071,31021000,437.594,tonne,2135.516,MA
CBAM-97814939,27160000,796.792,tonne,4019.172,CN
CBAM-78844667,25232900,506.529,tonne,1151.639,IN
CBAM-81858403,72083900,888.708,tonne,4740.02,TR
CBAM-54550882,76011000,492.184,tonne,3085.881,UA
CBAM-51585637,28070010,496.608,tonne,2635.519,MA
CBAM-21942713,31021000,321.641,tonne,4922.647,CN
CBAM-75379122,27160000,562.316,tonne,262.717,IN
CBAM-68196894,25232900,465.819,tonne,2962.622,TR
CBAM-88828338,72083900,372.294,tonne,3766.542,UA
CBAM-72335962,76011000,168.729,tonne,738.554,MA
CBAM-50049012,28070010,711.434,tonne,1593.973,CN
CBAM-75559600,31021000,551.641,tonne,235.415,IN
CBAM-80971185,27160000,200.299,tonne,264.601,TR
CBAM-13090949,25232900,456.653,tonne,2367.553,UA
CBAM-84244584,72083900,286.299,tonne,4351.506,MA
CBAM-01387467,76011000,262.225,tonne,1689.472,CN
CBAM-68599188,28070010,985.662,tonne,724.508,IN
CBAM-42951620,31021000,131.089,tonne,1174.52,TR
CBAM-96510752,27160000,203.118,tonne,1289.188,UA
CBAM-32484173,25232900,627.271,tonne,4216.123,MA
CBAM-03301231,72083900,57.221,tonne,4925.638,CN
CBAM-50273085,76011000,670.892,tonne,775.036,IN
CBAM-11112521,28070010,838.717,tonne,2755.274,TR
CBAM-13836051,31021000,745.799,tonne,4252.466,UA
CBAM-53488161,27160000,863.069,tonne,4515.03,MA
CBAM-71022735,25232900,7.112,tonne,2949.847,CN
CBAM-31963504,72083900,114.105,tonne,450.595,IN
CBAM-29573036,76011000,717.128,tonne,2187.128,TR
CBAM-21506781,28070010,171.979,tonne,1524.926,UA
CBAM-04549077,31021000,645.477,tonne,3077.004,MA
CBAM-37752455,27160000,425.368,tonne,1255.803,CN
CBAM-47851080,25232900,867.544,tonne,4048.804,IN
CBAM-93894446,72083900,889.387,tonne,1422.88,TR
CBAM-87313527,76011000,865.633,tonne,3336.136,UA
CBAM-60975752,28070010,236.76,tonne,451.071,MA
CBAM-78669705,31021000,883.157,tonne,521.151,CN
CBAM-03851571,27160000,50.108,tonne,1731.343,IN
CBAM-19662402,25232900,539.958,tonne,1137.38,TR
CBAM-07993305,72083900,663.436,tonne,1738.34,UA
CBAM-21650559,76011000,616.977,tonne,2467.455,MA
CBAM-21767168,28070010,441.579,tonne,3679.16,CN
CBAM-45748937,31021000,733.694,tonne,2140.856,IN
CBAM-23331998,27160000,940.658,tonne,4690.034,TR
CBAM-61682948,25232900,202.475,tonne,605.04,UA
CBAM-17641660,72083900,940.14,tonne,3565.31,MA
CBAM-61900983,76011000,598.41,tonne,2623.779,CN
CBAM-59387944,28070010,174.084,tonne,4998.661,IN
CBAM-41363718,31021000,621.214,tonne,1625.679,TR
CBAM-21001174,27160000,801.727,tonne,1801.448,UA
CBAM-17986419,25232900,312.206,tonne,1018.536,MA
CBAM-79406885,72083900,248.601,tonne,773.166,CN
CBAM-45117351,76011000,617.845,tonne,55.349,IN
CBAM-29721241,28070010,858.989,tonne,692.053,TR
CBAM-53914094,31021000,214.087,tonne,4835.379,UA
CBAM-58609629,27160000,873.567,tonne,4623.657,MA
CBAM-23371713,25232900,977.231,tonne,3474.154,CN
CBAM-67756805,72083900,31.543,tonne,2369.389,IN
CBAM-59818390,76011000,921.341,tonne,4124.568,TR
CBAM-17882715,28070010,100.229,tonne,2715.16,UA
CBAM-66020346,31021000,523.255,tonne,4420.019,MA
CBAM-26602525,27160000,473.201,tonne,3046.269,CN
CBAM-83716031,25232900,523.542,tonne,2369.841,IN
CBAM-51624994,72083900,45.657,tonne,4509.775,TR
CBAM-19880754,76011000,4.843,tonne,305.071,UA
CBAM-80403381,28070010,926.84,tonne,4639.725,MA
CBAM-62802091,31021000,655.927,tonne,2163.216,CN
CBAM-23973233,27160000,490.327,tonne,2115.581,IN
CBAM-49091260,25232900,383.516,tonne,2484.891,TR
CBAM-39184193,72083900,590.761,tonne,3270.941,UA
CBAM-33317536,76011000,376.344,tonne,1240.981,MA
CBAM-09686014,28070010,574.642,tonne,13.715,CN
CBAM-22235692,31021000,842.507,tonne,3450.69,IN
CBAM-38085213,27160000,596.097,tonne,4520.746,TR
CBAM-96594627,25232900,336.308,tonne,3505.127,UA
CBAM-64053844,72083900,495.424,tonne,686.123,MA
CBAM-71754310,76011000,790.073,tonne,4536.565,CN
CBAM-39051166,28070010,567.254,tonne,4945.421,IN
CBAM-86477523,31021000,34.02,tonne,571.171,TR
CBAM-01413085,27160000,491.296,tonne,2810.901,UA
CBAM-06765357,25232900,878.327,tonne,2462.141,MA
CBAM-33886804,72083900,998.284,tonne,1589.588,CN
CBAM-33208285,76011000,480.227,tonne,1994.008,IN
CBAM-38806837,28070010,600.721,tonne,1954.108,TR
CBAM-65254901,31021000,340.994,tonne,3997.178,UA
CBAM-64254763,27160000,920.91,tonne,2308.44,MA
CBAM-51969729,25232900,128.18,tonne,1724.602,CN
CBAM-82157947,72083900,712.977,tonne,525.248,IN
CBAM-96119292,76011000,252.96,tonne,1671.288,TR
CBAM-33922710,28070010,624.078,tonne,601.227,UA
CBAM-96449941,31021000,341.347,tonne,1725.642,MA
CBAM-29278267,27160000,40.726,tonne,1313.648,CN
CBAM-15494792,25232900,617.682,tonne,3808.479,IN
CBAM-90050907,72083900,656.319,tonne,2228.183,TR
CBAM-20063948,76011000,355.039,tonne,2931.131,UA
CBAM-09965385,28070010,31.606,tonne,2084.912,MA
CBAM-41333763,31021000,993.539,tonne,3629.408,CN
CBAM-08463156,27160000,903.222,tonne,2987.731,IN
CBAM-61583929,25232900,843.689,tonne,1297.915,TR
CBAM-46004415,72083900,999.085,tonne,3656.614,UA
CBAM-44220750,76011000,83.134,tonne,2353.252,MA
CBAM-47871543,28070010,818.979,tonne,2506.905,CN
CBAM-82233491,31021000,190.54,tonne,3906.862,IN
CBAM-08785407,27160000,308.502,tonne,41.538,TR
CBAM-95776872,25232900,648.597,tonne,639.294,UA
CBAM-41789490,72083900,420.807,tonne,29.562,MA
CBAM-62811617,76011000,88.385,tonne,1768.06,CN
CBAM-41550891,28070010,163.798,tonne,2003.345,IN
CBAM-49713479,31021000,742.261,tonne,3797.893,TR
CBAM-97592438,27160000,227.273,tonne,74.179,UA
CBAM-05310529,25232900,532.027,tonne,3045.361,MA
CBAM-77844686,72083900,492.782,tonne,1420.22,CN
CBAM-51590433,76011000,359.245,tonne,2037.837,IN
CBAM-81413337,28070010,815.723,tonne,4667.335,TR
CBAM-98171379,31021000,248.891,tonne,791.077,UA
CBAM-91086673,27160000,862.242,tonne,1947.962,MA
CBAM-86831438,25232900,102.482,tonne,1153.71,CN
CBAM-48621058,72083900,766.271,tonne,2246.473,IN
CBAM-76097124,76011000,534.64,tonne,3086.536,TR
CBAM-41079896,28070010,341.424,tonne,740.505,UA
CBAM-32241382,31021000,318.087,tonne,1080.38,MA
CBAM-28698052,27160000,403.64,tonne,1530.418,CN
CBAM-76818361,25232900,233.3,tonne,4785.929,IN
CBAM-69995221,72083900,139.8,tonne,439.011,TR
CBAM-71185896,76011000,868.552,tonne,4041.348,UA
CBAM-72649794,28070010,3.072,tonne,1935.349,MA
CBAM-81187647,31021000,871.874,tonne,4441.102,CN
CBAM-72134717,27160000,744.98,tonne,4300.105,IN
CBAM-78011417,25232900,852.827,tonne,1500.678,TR
CBAM-46822174,72083900,683.418,tonne,4014.103,UA
CBAM-17291014,76011000,746.627,tonne,2229.174,MA
CBAM-68700584,28070010,702.955,tonne,1174.363,CN
CBAM-44428309,31021000,429.11,tonne,266.753,IN
CBAM-24953125,27160000,286.385,tonne,1092.332,TR
CBAM-91055982,25232900,907.271,tonne,3965.271,UA
CBAM-35277967,72083900,174.907,tonne,1993.592,MA
CBAM-66271246,76011000,790.436,tonne,1258.527,CN
CBAM-46319953,28070010,568.667,tonne,1054.786,IN
CBAM-51498382,31021000,419.617,tonne,3905.03,TR
CBAM-05565711,27160000,935.024,tonne,3347.39,UA
CBAM-17481743,25232900,808.911,tonne,639.671,MA
CBAM-54893958,72083900,298.225,tonne,4738.661,CN
CBAM-59550554,76011000,120.887,tonne,1656.352,IN
CBAM-40883073,28070010,220.41,tonne,2405.063,TR
CBAM-13304965,31021000,539.874,tonne,1665.745,UA
CBAM-67413568,27160000,290.695,tonne,2212.055,MA
CBAM-72502473,25232900,805.878,tonne,3723.885,CN
CBAM-69138460,72083900,47.462,tonne,675.791,IN
CBAM-88305186,76011000,463.952,tonne,3663.095,TR
CBAM-34189298,28070010,402.019,tonne,4697.176,UA
CBAM-07085917,31021000,873.349,tonne,2422.815,MA
CBAM-49752549,27160000,868.789,tonne,3271.236,CN
CBAM-91383228,25232900,575.661,tonne,1417.803,IN
CBAM-13548896,72083900,375.199,tonne,2288.042,TR
CBAM-05984290,76011000,743.883,tonne,3272.219,UA
CBAM-18296299,28070010,261.773,tonne,2008.896,MA
CBAM-67784818,31021000,961.228,tonne,1369.242,CN
CBAM-56255631,27160000,772.94,tonne,1143.086,IN
CBAM-61981636,25232900,180.735,tonne,1868.931,TR
CBAM-74753875,72083900,947.387,tonne,3757.667,UA
CBAM-68900375,76011000,770.21,tonne,1763.176,MA
CBAM-19401006,28070010,975.14,tonne,2567.124,CN
CBAM-13638418,31021000,858.584,tonne,1329.058,IN
CBAM-90748823,27160000,266.879,tonne,4053.478,TR
CBAM-67473051,25232900,993.699,tonne,2326.064,UA
CBAM-45222238,72083900,285.816,tonne,705.826,MA
CBAM-11960006,76011000,964.976,tonne,369.316,CN
CBAM-91370191,28070010,262.187,tonne,4270.459,IN
CBAM-91319566,31021000,86.858,tonne,3245.872,TR
CBAM-36814473,27160000,183.825,tonne,3689.356,UA
CBAM-30385576,25232900,469.319,tonne,806.248,MA
CBAM-07077879,72083900,264.848,tonne,528.993,CN
CBAM-43356832,76011000,204.226,tonne,2891.91,IN
CBAM-29248695,28070010,341.593,tonne,3881.935,TR
CBAM-54228892,31021000,381.185,tonne,4717.013,UA
CBAM-59974844,27160000,677.94,tonne,919.224,MA
CBAM-38452856,25232900,48.553,tonne,2833.62,CN
CBAM-96474900,72083900,520.712,tonne,2514.349,IN
CBAM-07391462,76011000,64.228,tonne,692.497,TR
CBAM-35122710,28070010,985.312,tonne,4960.821,UA
CBAM-57557488,31021000,530.073,tonne,2175.197,MA
CBAM-14651942,27160000,160.881,tonne,953.546,CN
CBAM-58710918,25232900,906.892,tonne,661.315,IN
CBAM-81756510,72083900,152.067,tonne,1956.484,TR
CBAM-72612715,76011000,314.033,tonne,3933.721,UA
CBAM-75284629,28070010,738.414,tonne,872.875,MA
CBAM-93313153,31021000,500.71,tonne,4281.154,CN
CBAM-73102496,27160000,549.233,tonne,208.465,IN
CBAM-64775123,25232900,132.198,tonne,2710.655,TR
CBAM-61090768,72083900,365.78,tonne,2701.751,UA
CBAM-55112794,76011000,186.974,tonne,2407.23,MA
CBAM-10038108,28070010,842.32,tonne,254.616,CN
CBAM-10401119,31021000,228.157,tonne,2290.372,IN
CBAM-98373787,27160000,747.281,tonne,4411.631,TR
CBAM-51190930,25232900,381.437,tonne,1774.098,UA
CBAM-67677881,72083900,279.769,tonne,3446.518,MA
CBAM-93179168,76011000,600.448,tonne,2351.322,CN
CBAM-06448376,28070010,87.871,tonne,4913.595,IN
CBAM-69870415,31021000,803.352,tonne,4838.174,TR
CBAM-73382539,27160000,827.077,tonne,703.787,UA
CBAM-40361299,25232900,352.085,tonne,397.054,MA
CBAM-07843823,72083900,301.082,tonne,2184.622,CN
CBAM-36841155,76011000,452.624,tonne,4613.557,IN
CBAM-74412136,28070010,914.753,tonne,4186.193,TR
CBAM-55915363,31021000,511.588,tonne,3090.208,UA
CBAM-19889796,27160000,797.844,tonne,2176.403,MA
CBAM-20309419,25232900,461.694,tonne,4860.764,CN
CBAM-44502746,72083900,362.394,tonne,4110.773,IN
CBAM-41271676,76011000,926.504,tonne,1157.508,TR
CBAM-40335718,28070010,796.889,tonne,2467.545,UA
CBAM-38419846,31021000,510.503,tonne,4191.633,MA
CBAM-80438351,27160000,886.953,tonne,4258.85,CN
CBAM-43915004,25232900,167.583,tonne,1280.811,IN
CBAM-83942898,72083900,295.592,tonne,4956.211,TR
CBAM-20331593,76011000,247.322,tonne,2125.637,UA
CBAM-80203559,28070010,795.307,tonne,2824.249,MA
CBAM-82145977,31021000,718.767,tonne,2893.382,CN
CBAM-76836298,27160000,164.941,tonne,4712.609,IN
CBAM-17831016,25232900,217.798,tonne,625.745,TR
CBAM-85561361,72083900,519.007,tonne,246.61,UA
CBAM-42375157,76011000,529.715,tonne,991.27,MA
CBAM-15019803,28070010,802.511,tonne,4226.771,CN
CBAM-00126102,31021000,224.768,tonne,4605.876,IN
CBAM-86962130,27160000,902.292,tonne,3122.879,TR
CBAM-32869924,25232900,582.64,tonne,656.437,UA
CBAM-72047010,72083900,65.142,tonne,3673.756,MA
CBAM-35416045,76011000,960.666,tonne,2237.099,CN
CBAM-58619754,28070010,420.258,tonne,497.763,IN
CBAM-52224294,31021000,908.755,tonne,3049.515,TR
CBAM-58725321,27160000,630.575,tonne,1179.665,UA
CBAM-35892906,25232900,288.068,tonne,1844.688,MA
CBAM-24814985,72083900,725.356,tonne,3897.02,CN
CBAM-91135340,76011000,140.298,tonne,3262.522,IN
CBAM-79425298,28070010,580.807,tonne,1284.341,TR
CBAM-29716893,31021000,558.634,tonne,4545.969,UA
CBAM-53220463,27160000,334.453,tonne,482.899,MA
CBAM-54970144,25232900,462.188,tonne,1534.818,CN
CBAM-90819555,72083900,448.263,tonne,22.27,IN
CBAM-02893802,76011000,590.83,tonne,4236.208,TR
CBAM-37269098,28070010,838.163,tonne,2672.722,UA
CBAM-23165470,31021000,274.2,tonne,468.711,MA
CBAM-65671471,27160000,462.749,tonne,2775.925,CN
CBAM-67935763,25232900,320.376,tonne,1843.069,IN
CBAM-28590010,72083900,326.35,tonne,2677.689,TR
CBAM-99485316,76011000,42.47,tonne,4509.89,UA
CBAM-60793380,28070010,252.861,tonne,568.692,MA
CBAM-76882972,31021000,369.108,tonne,2300.577,CN
CBAM-29373902,27160000,153.927,tonne,2680.543,IN
CBAM-86958905,25232900,480.655,tonne,790.989,TR
CBAM-86573095,72083900,184.302,tonne,2947.51,UA
CBAM-29179839,76011000,896.413,tonne,3627.259,MA
CBAM-52439193,28070010,998.561,tonne,3770.569,CN
CBAM-07535745,31021000,702.342,tonne,2205.341,IN
CBAM-52253043,27160000,232.938,tonne,1267.715,TR
CBAM-55196822,25232900,519.71,tonne,4499.592,UA
CBAM-12620713,72083900,955.434,tonne,1715.821,MA
CBAM-92629127,76011000,534.18,tonne,1376.496,CN
CBAM-60304233,28070010,856.223,tonne,2701.163,IN
CBAM-21944423,31021000,945.249,tonne,3223.083,TR
CBAM-73756342,27160000,176.368,tonne,4530.983,UA
CBAM-09478849,25232900,255.168,tonne,3762.352,MA
CBAM-78832769,72083900,883.318,tonne,471.396,CN
CBAM-83301370,76011000,742.24,tonne,349.19,IN
CBAM-45766115,28070010,283.064,tonne,4887.11,TR
CBAM-45981914,31021000,86.639,tonne,3632.237,UA
CBAM-06787552,27160000,977.146,tonne,784.266,MA
CBAM-75449148,25232900,291.625,tonne,3491.141,CN
CBAM-26555324,72083900,851.393,tonne,999.579,IN
CBAM-93777874,76011000,481.997,tonne,1933.163,TR
CBAM-62184938,28070010,947.72,tonne,4818.658,UA
CBAM-98811383,31021000,75.521,tonne,361.052,MA
CBAM-77321396,27160000,526.159,tonne,4040.57,CN
CBAM-39829477,25232900,916.251,tonne,4700.961,IN
CBAM-31147645,72083900,851.289,tonne,3576.269,TR
CBAM-79030919,76011000,167.32,tonne,1552.869,UA
CBAM-28942865,28070010,683.035,tonne,4042.182,MA
CBAM-97585609,31021000,415.467,tonne,3338.476,CN
CBAM-84046604,27160000,741.655,tonne,2003.004,IN
CBAM-81233834,25232900,718.609,tonne,4586.349,TR
CBAM-15465966,72083900,124.534,tonne,1061.375,UA
CBAM-81226163,76011000,770.312,tonne,2063.107,MA
CBAM-29286001,28070010,658.466,tonne,2021.398,CN
CBAM-95143797,31021000,360.188,tonne,2094.261,IN
CBAM-20129865,27160000,758.083,tonne,4329.008,TR
CBAM-76583442,25232900,583.838,tonne,3497.079,UA
CBAM-95140870,72083900,288.824,tonne,816.396,MA
CBAM-82121803,76011000,553.952,tonne,1560.107,CN
CBAM-71897120,28070010,173.012,tonne,553.066,IN
CBAM-32903043,31021000,442.483,tonne,4822.839,TR
CBAM-23983990,27160000,592.728,tonne,1613.8,UA
CBAM-69105940,25232900,366.788,tonne,3503.627,MA
CBAM-74600975,72083900,544.419,tonne,3542.7,CN
CBAM-87349711,76011000,620.05,tonne,3410.114,IN
CBAM-56819080,28070010,910.117,tonne,3757.226,TR
CBAM-45713180,31021000,996.099,tonne,3427.936,UA
CBAM-52452969,27160000,982.764,tonne,1174.253,MA
CBAM-03410338,25232900,654.847,tonne,4260.32,CN
CBAM-62246381,72083900,551.947,tonne,2726.11,IN
CBAM-84263914,76011000,342.764,tonne,3197.414,TR
CBAM-83592715,28070010,75.753,tonne,4054.013,UA
CBAM-33951017,31021000,277.355,tonne,1177.732,MA
CBAM-21716697,27160000,839.155,tonne,4982.081,CN
CBAM-68772340,25232900,251.203,tonne,4436.454,IN
CBAM-24981530,72083900,160.716,tonne,2823.919,TR
CBAM-58941827,76011000,808.734,tonne,3124.155,UA
CBAM-16821563,28070010,740.679,tonne,4348.631,MA
CBAM-23582520,31021000,611.434,tonne,2835.22,CN
CBAM-49800042,27160000,659.043,tonne,3498.134,IN
CBAM-11445804,25232900,983.191,tonne,3590.21,TR
CBAM-78526841,72083900,149.317,tonne,4695.701,UA
CBAM-44327694,76011000,428.492,tonne,2994.466,MA
CBAM-40981476,28070010,2.271,tonne,510.131,CN
CBAM-74288677,31021000,18.456,tonne,3868.94,IN
CBAM-66899476,27160000,913.337,tonne,3542.201,TR
CBAM-48141442,25232900,137.822,tonne,1144.907,UA
CBAM-40407134,72083900,133.217,tonne,4672.959,MA
CBAM-20867170,76011000,721.926,tonne,3236.381,CN
CBAM-98206286,28070010,618.862,tonne,779.556,IN
CBAM-64095089,31021000,497.074,tonne,1290.747,TR
CBAM-74783472,27160000,820.521,tonne,225.109,UA
CBAM-76369512,25232900,240.616,tonne,1295.76,MA
CBAM-00922539,72083900,294.557,tonne,131.975,CN
CBAM-39563273,76011000,412.199,tonne,4832.557,IN
CBAM-37165558,28070010,127.477,tonne,2844.034,TR
CBAM-78725777,31021000,175.929,tonne,4220.939,UA
CBAM-34566467,27160000,82.237,tonne,2113.774,MA
CBAM-31085573,25232900,608.5,tonne,920.1,CN
CBAM-67957833,72083900,139.597,tonne,4887.69,IN
CBAM-30239172,76011000,968.499,tonne,4147.003,TR
CBAM-79679278,28070010,831.718,tonne,838.031,UA
CBAM-40490170,31021000,29.731,tonne,2362.7,MA
CBAM-48973320,27160000,157.788,tonne,3523.521,CN
CBAM-86817443,25232900,790.68,tonne,2148.613,IN
CBAM-40716541,72083900,588.889,tonne,581.734,TR
CBAM-14463422,76011000,786.669,tonne,2189.512,UA
CBAM-49698560,28070010,656.454,tonne,3881.327,MA
CBAM-75754488,31021000,987.711,tonne,4128.492,CN
CBAM-07183300,27160000,157.569,tonne,4590.522,IN
CBAM-90706357,25232900,785.652,tonne,3099.71,TR
CBAM-75399828,72083900,661.632,tonne,2631.011,UA
CBAM-94374063,76011000,685.457,tonne,2347.556,MA
CBAM-01469973,28070010,708.025,tonne,2357.417,CN
CBAM-90022997,31021000,34.789,tonne,1747.04,IN
CBAM-51586108,27160000,437.132,tonne,4927.608,TR
CBAM-86291294,25232900,185.389,tonne,1852.709,UA
CBAM-91713996,72083900,25.948,tonne,763.373,MA
CBAM-68716573,76011000,731.795,tonne,3817.161,CN
CBAM-07142531,28070010,55.999,tonne,2391.43,IN
CBAM-88069842,31021000,70.038,tonne,150.415,TR
CBAM-32393078,27160000,770.665,tonne,2170.012,UA
CBAM-47268333,25232900,443.101,tonne,4377.482,MA
CBAM-26655541,72083900,485.698,tonne,2881.199,CN
CBAM-68321369,76011000,682.046,tonne,2454.499,IN
CBAM-88248120,28070010,254.589,tonne,645.661,TR
CBAM-38323994,31021000,564.034,tonne,2138.479,UA
CBAM-59715514,27160000,842.282,tonne,2181.926,MA
CBAM-80985155,25232900,868.967,tonne,4467.156,CN
CBAM-63173592,72083900,815.055,tonne,1234.687,IN
CBAM-45295708,76011000,502.831,tonne,2892.369,TR
CBAM-97439872,28070010,102.068,tonne,1414.442,UA
CBAM-40921242,31021000,494.863,tonne,3763.346,MA
CBAM-45785877,27160000,275.472,tonne,4376.087,CN
CBAM-17035312,25232900,675.276,tonne,2893.161,IN
CBAM-18046129,72083900,139.054,tonne,909.32,TR
CBAM-99688653,76011000,37.726,tonne,4396.652,UA
CBAM-14612546,28070010,491.407,tonne,2076.921,MA
CBAM-43644398,31021000,607.251,tonne,4774.024,CN
CBAM-20856124,27160000,883.869,tonne,157.953,IN
CBAM-31639044,25232900,904.869,tonne,4829.39,TR
CBAM-51212774,72083900,422.661,tonne,1565.93,UA
CBAM-24527491,76011000,724.27,tonne,3665.498,MA
CBAM-53845965,28070010,797.808,tonne,4553.927,CN
CBAM-80592969,31021000,394.571,tonne,1352.817,IN
CBAM-15883007,27160000,690.811,tonne,1975.186,TR
CBAM-23340023,25232900,181.821,tonne,3275.147,UA
CBAM-14981016,72083900,706.667,tonne,4752.688,MA
CBAM-13665975,76011000,786.37,tonne,2957.091,CN
CBAM-80007867,28070010,145.025,tonne,2338.524,IN
CBAM-52505027,31021000,5.088,tonne,1475.142,TR
CBAM-76122463,27160000,159.321,tonne,1895.166,UA
CBAM-28508977,25232900,779.31,tonne,4024.924,MA
CBAM-15593641,72083900,322.615,tonne,1990.903,CN
CBAM-37879319,76011000,735.718,tonne,816.879,IN
CBAM-82908616,28070010,405.482,tonne,1707.492,TR
CBAM-04002881,31021000,168.803,tonne,2795.405,UA
CBAM-41567943,27160000,256.169,tonne,2499.114,MA
CBAM-11825218,25232900,113.685,tonne,4648.651,CN
CBAM-77091762,72083900,402.901,tonne,4177.598,IN
CBAM-58723975,76011000,10.523,tonne,2956.888,TR
CBAM-79377030,28070010,794.039,tonne,2592.778,UA
CBAM-98396763,31021000,590.32,tonne,3172.452,MA
CBAM-13483729,27160000,353.288,tonne,3981.039,CN
CBAM-49230616,25232900,343.229,tonne,400.768,IN
CBAM-12741634,72083900,718.173,tonne,2337.924,TR
CBAM-71010516,76011000,195.963,tonne,1906.137,UA
CBAM-97213804,28070010,325.173,tonne,2941.36,MA
CBAM-01328085,31021000,498.584,tonne,2589.132,CN
CBAM-31763059,27160000,706.632,tonne,3442.48,IN
CBAM-24920120,25232900,191.85,tonne,543.919,TR
CBAM-11698055,72083900,421.284,tonne,1312.21,UA
CBAM-74431259,76011000,858.254,tonne,1489.484,MA
CBAM-87144991,28070010,305.747,tonne,3796.576,CN
CBAM-71497137,31021000,768.167,tonne,1015.187,IN
CBAM-09402245,27160000,876.555,tonne,4158.431,TR
CBAM-63282318,25232900,322.23,tonne,3631.113,UA
CBAM-77728136,72083900,129.119,tonne,1999.928,MA
CBAM-04872958,76011000,956.619,tonne,2283.643,CN
CBAM-01800401,28070010,840.673,tonne,4533.804,IN
CBAM-15199662,31021000,100.876,tonne,2694.133,TR
CBAM-29742328,27160000,18.324,tonne,2083.139,UA
CBAM-17739088,25232900,389.939,tonne,1634.449,MA
CBAM-73743631,72083900,126.569,tonne,4820.72,CN
CBAM-27019200,76011000,207.128,tonne,4052.085,IN
CBAM-63422366,28070010,148.941,tonne,3649.225,TR
CBAM-13740931,31021000,138.27,tonne,1696.928,UA
CBAM-33387341,27160000,957.195,tonne,4752.422,MA
CBAM-50247545,25232900,295.798,tonne,1784.954,CN
CBAM-65783131,72083900,687.662,tonne,3562.713,IN
CBAM-46082888,76011000,322.852,tonne,3153.679,TR
CBAM-89691522,28070010,678.881,tonne,2529.644,UA
CBAM-29701925,31021000,618.319,tonne,2467.966,MA
CBAM-70203924,27160000,86.425,tonne,2695.498,CN
CBAM-37414340,25232900,468.02,tonne,2513.844,IN
CBAM-42472613,72083900,295.578,tonne,3466.383,TR
CBAM-87199100,76011000,598.709,tonne,2728.272,UA
CBAM-95564359,28070010,473.944,tonne,994.797,MA
CBAM-58479529,31021000,755.226,tonne,3019.492,CN
CBAM-33377263,27160000,228.48,tonne,4875.05,IN
CBAM-00103771,25232900,871.428,tonne,462.017,TR
CBAM-56485197,72083900,302.783,tonne,1837.424,UA
CBAM-14227756,76011000,988.316,tonne,2289.641,MA
CBAM-96462522,28070010,368.141,tonne,2857.936,CN
CBAM-17011667,31021000,379.779,tonne,748.351,IN
CBAM-93086108,27160000,477.174,tonne,4059.282,TR
CBAM-28912708,25232900,169.637,tonne,3120.7,UA
CBAM-93746282,72083900,284.559,tonne,2368.646,MA
CBAM-66556144,76011000,495.483,tonne,3413.459,CN
CBAM-85068558,28070010,918.262,tonne,4560.002,IN
CBAM-59368315,31021000,912.498,tonne,3300.527,TR
CBAM-92415343,27160000,459.348,tonne,1977.391,UA
CBAM-45619526,25232900,348.563,tonne,2743.962,MA
CBAM-80346325,72083900,410.319,tonne,3777.476,CN
CBAM-33150877,76011000,168.748,tonne,4844.245,IN
CBAM-54921241,28070010,429.967,tonne,3778.83,TR
CBAM-74393747,31021000,180.656,tonne,1332.163,UA
CBAM-24791852,27160000,268.693,tonne,1083.46,MA
CBAM-98939138,25232900,684.742,tonne,1559.361,CN
CBAM-53185741,72083900,617.882,tonne,3415.229,IN
CBAM-30139521,76011000,702.326,tonne,4145.593,TR
CBAM-11456039,28070010,320.753,tonne,1458.509,UA
CBAM-37402395,31021000,518.527,tonne,3014.098,MA
CBAM-25506867,27160000,783.722,tonne,4662.971,CN
CBAM-85726865,25232900,250.65,tonne,1057.942,IN
CBAM-80784720,72083900,694.03,tonne,982.802,TR
CBAM-47739466,76011000,309.116,tonne,4926.981,UA
CBAM-86122939,28070010,563.682,tonne,4631.017,MA
CBAM-90518204,31021000,158.054,tonne,4142.421,CN
CBAM-41555260,27160000,757.883,tonne,1725.57,IN
CBAM-32406511,25232900,513.954,tonne,252.677,TR
CBAM-64030271,72083900,660.218,tonne,4585.721,UA
CBAM-39230420,76011000,554.319,tonne,2196.158,MA
CBAM-59420069,28070010,731.705,tonne,2625.514,CN
CBAM-05178182,31021000,840.951,tonne,3126.342,IN
CBAM-96699779,27160000,789.936,tonne,4865.966,TR
CBAM-64147661,25232900,772.135,tonne,2082.83,UA
CBAM-96990849,72083900,414.643,tonne,541.853,MA
CBAM-11215507,76011000,537.833,tonne,2155.117,CN
CBAM-90219572,28070010,177.945,tonne,1178.675,IN
CBAM-47960166,31021000,710.658,tonne,970.557,TR
CBAM-55115643,27160000,181.647,tonne,1054.222,UA
CBAM-11087186,25232900,729.833,tonne,4693.839,MA
CBAM-87045044,72083900,292.098,tonne,4463.762,CN
CBAM-55003313,76011000,400.17,tonne,1477.72,IN
CBAM-49294327,28070010,405.658,tonne,4462.472,TR
CBAM-21406746,31021000,506.573,tonne,2387.799,UA
CBAM-76609971,27160000,171.423,tonne,2730.36,MA
CBAM-07223064,25232900,114.952,tonne,4405.875,CN
CBAM-09925179,72083900,162.515,tonne,209.24,IN
CBAM-63590776,76011000,582.471,tonne,1011.513,TR
CBAM-01424680,28070010,463.334,tonne,4375.581,UA
CBAM-81203019,31021000,848.059,tonne,876.851,MA
CBAM-66136833,27160000,427.535,tonne,3770.209,CN
CBAM-75061466,25232900,78.539,tonne,2338.465,IN
CBAM-27135180,72083900,41.211,tonne,4901.255,TR
CBAM-80802972,76011000,993.189,tonne,1633.789,UA
CBAM-65743348,28070010,211.285,tonne,4163.413,MA
CBAM-93448274,31021000,575.946,tonne,3888.523,CN
CBAM-17388866,27160000,789.011,tonne,2293.571,IN
CBAM-18082939,25232900,967.541,tonne,951.054,TR
CBAM-29550899,72083900,230.145,tonne,3397.155,UA
CBAM-13034127,76011000,526.5,tonne,2984.386,MA
CBAM-08180590,28070010,264.924,tonne,2560.835,CN
CBAM-65077745,31021000,336.144,tonne,3397.9,IN
CBAM-77820197,27160000,829.374,tonne,3211.636,TR
CBAM-76631061,25232900,307.247,tonne,2066.755,UA
CBAM-43687564,72083900,143.065,tonne,1081.416,MA
CBAM-27401253,76011000,681.039,tonne,747.485,CN
CBAM-25643285,28070010,462.936,tonne,753.134,IN
CBAM-51368338,31021000,267.572,tonne,4931.621,TR
CBAM-40984710,27160000,337.214,tonne,3532.567,UA
CBAM-64471918,25232900,760.145,tonne,4428.91,MA
CBAM-46177839,72083900,644.8,tonne,4728.267,CN
CBAM-34216765,76011000,346.628,tonne,915.516,IN
CBAM-39443357,28070010,832.668,tonne,3952.678,TR
CBAM-18364603,31021000,158.872,tonne,285.584,UA
CBAM-46110904,27160000,740.821,tonne,4949.119,MA
CBAM-64691538,25232900,389.647,tonne,4244.283,CN
CBAM-40822229,72083900,545.335,tonne,2234.908,IN
CBAM-26735294,76011000,635.435,tonne,4178.389,TR
CBAM-00003805,28070010,91.864,tonne,4467.245,UA
CBAM-14107626,31021000,268.447,tonne,1925.032,MA
CBAM-77048030,27160000,529.354,tonne,4394.73,CN
CBAM-01277034,25232900,332.19,tonne,2463.92,IN
CBAM-52980535,72083900,96.647,tonne,3782.12,TR
CBAM-06973733,76011000,360.06,tonne,4324.992,UA
CBAM-48233835,28070010,625.715,tonne,3706.827,MA
CBAM-62322920,31021000,135.395,tonne,4708.113,CN
CBAM-33316127,27160000,656.46,tonne,348.247,IN
CBAM-37314175,25232900,940.916,tonne,2755.724,TR
CBAM-59724462,72083900,749.691,tonne,3149.441,UA
CBAM-85666613,76011000,119.117,tonne,2504.665,MA
CBAM-14882232,28070010,477.487,tonne,4591.178,CN
CBAM-98104409,31021000,686.922,tonne,1213.778,IN
CBAM-77544621,27160000,31.416,tonne,4458.335,TR
CBAM-47181710,25232900,112.076,tonne,2231.168,UA
CBAM-78721875,72083900,537.788,tonne,548.998,MA
CBAM-79892817,76011000,122.996,tonne,4677.157,CN
CBAM-13690968,28070010,291.671,tonne,957.748,IN
CBAM-42032996,31021000,61.438,tonne,4463.67,TR
CBAM-76379234,27160000,526.954,tonne,1313.82,UA
CBAM-67844938,25232900,564.036,tonne,1484.733,MA
CBAM-66214884,72083900,26.958,tonne,2218.934,CN
CBAM-01422078,76011000,23.095,tonne,1189.272,IN
CBAM-27448648,28070010,484.18,tonne,1352.705,TR
CBAM-40670748,31021000,877.659,tonne,3160.079,UA
CBAM-71971251,27160000,976.929,tonne,1101.751,MA
CBAM-50320312,25232900,966.267,tonne,1405.593,CN
CBAM-65015565,72083900,117.597,tonne,3969.852,IN
CBAM-93600113,76011000,880.859,tonne,962.016,TR
CBAM-18489173,28070010,252.408,tonne,585.729,UA
CBAM-40601159,31021000,319.667,tonne,1916.246,MA
CBAM-29977755,27160000,172.463,tonne,2721.818,CN
CBAM-71694539,25232900,481.711,tonne,793.796,IN
CBAM-79511913,72083900,37.173,tonne,3724.443,TR
CBAM-63556238,76011000,475.667,tonne,147.564,UA
CBAM-99719845,28070010,898.125,tonne,3704.438,MA
CBAM-69489394,31021000,51.935,tonne,4936.017,CN
CBAM-48625627,27160000,845.382,tonne,1605.235,IN
CBAM-56056769,25232900,862.205,tonne,4670.404,TR
CBAM-35987065,72083900,569.014,tonne,436.803,UA
CBAM-19271777,76011000,825.231,tonne,490.849,MA
CBAM-60057059,28070010,260.445,tonne,2527.518,CN
CBAM-75057370,31021000,73.308,tonne,1186.364,IN
CBAM-77277255,27160000,626.381,tonne,4915.376,TR
CBAM-41581675,25232900,71.629,tonne,323.878,UA
CBAM-20222023,72083900,422.343,tonne,1814.634,MA
CBAM-82916753,76011000,327.687,tonne,4809.513,CN
CBAM-90144867,28070010,753.086,tonne,2124.798,IN
CBAM-58313110,31021000,901.402,tonne,489.292,TR
CBAM-69479357,27160000,862.878,tonne,130.338,UA
CBAM-03600248,25232900,331.868,tonne,2345.046,MA
CBAM-03292826,72083900,89.783,tonne,3135.612,CN
CBAM-70714131,76011000,592.897,tonne,924.789,IN
CBAM-31548008,28070010,922.01,tonne,4918.607,TR
CBAM-42197862,31021000,241.302,tonne,2151.376,UA
CBAM-10252521,27160000,677.091,tonne,4605.495,MA
CBAM-96791235,25232900,900.065,tonne,1937.532,CN
CBAM-05736729,72083900,554.946,tonne,4846.01,IN
CBAM-52484392,76011000,484.244,tonne,3762.085,TR
CBAM-27549057,28070010,932.749,tonne,1836.386,UA
CBAM-18630761,31021000,334.139,tonne,496.123,MA
CBAM-14050059,27160000,593.534,tonne,3373.54,CN
CBAM-94408420,25232900,485.44,tonne,1904.566,IN
CBAM-19326593,72083900,883.98,tonne,1588.747,TR
CBAM-65749528,76011000,284.094,tonne,52.167,UA
CBAM-08558405,28070010,927.616,tonne,1386.854,MA
CBAM-37889473,31021000,713.068,tonne,3998.763,CN
CBAM-68189321,27160000,506.391,tonne,462.902,IN
CBAM-41619913,25232900,384.071,tonne,67.428,TR
CBAM-05132197,72083900,575.08,tonne,973.39,UA
CBAM-53335504,76011000,871.473,tonne,3663.169,MA
CBAM-11652104,28070010,418.644,tonne,557.79,CN
CBAM-67384928,31021000,771.269,tonne,3695.054,IN
CBAM-54994413,27160000,391.675,tonne,2853.38,TR
CBAM-11562575,25232900,482.093,tonne,4759.965,UA
CBAM-17499881,72083900,470.201,tonne,4310.862,MA
CBAM-32618598,76011000,28.153,tonne,4637.147,CN
CBAM-60958776,28070010,55.341,tonne,3696.07,IN
CBAM-71519063,31021000,133.537,tonne,3051.372,TR
CBAM-89643429,27160000,21.264,tonne,1762.288,UA
CBAM-77489441,25232900,855.103,tonne,1945.754,MA
CBAM-30242728,72083900,978.705,tonne,51.003,CN
CBAM-93868242,76011000,89.532,tonne,2079.26,IN
CBAM-74612755,28070010,58.922,tonne,1644.476,TR
CBAM-15383987,31021000,549.604,tonne,2729.367,UA
CBAM-41420800,27160000,824.541,tonne,4348.189,MA
CBAM-01500912,25232900,746.583,tonne,2047.568,CN
CBAM-19144442,72083900,695.114,tonne,1125.211,IN
CBAM-07013993,76011000,885.874,tonne,2424.926,TR
CBAM-60827419,28070010,87.587,tonne,3320.708,UA
CBAM-45314910,31021000,306.253,tonne,3353.774,MA
CBAM-17227071,27160000,325.398,tonne,1917.434,CN
CBAM-51173572,25232900,571.506,tonne,1506.631,IN
CBAM-42458836,72083900,538.277,tonne,1040.738,TR
CBAM-90597687,76011000,494.727,tonne,2343.814,UA
CBAM-46387305,28070010,315.483,tonne,627.805,MA
CBAM-57194529,31021000,234.189,tonne,2299.714,CN
CBAM-66351484,27160000,26.652,tonne,3733.382,IN
CBAM-49056867,25232900,718.688,tonne,1196.059,TR
CBAM-81254729,72083900,586.835,tonne,4156.372,UA
CBAM-95010455,76011000,43.05,tonne,1888.933,MA
CBAM-04751695,28070010,225.585,tonne,3127.151,CN
CBAM-37789839,31021000,60.762,tonne,4943.612,IN
CBAM-84395465,27160000,80.507,tonne,2337.812,TR
CBAM-06622166,25232900,340.81,tonne,843.89,UA
CBAM-63084484,72083900,665.946,tonne,1026.562,MA
CBAM-87124184,76011000,873.637,tonne,4747.791,CN
CBAM-60739642,28070010,447.638,tonne,228.902,IN
CBAM-01859709,31021000,368.702,tonne,3242.104,TR
CBAM-38565302,27160000,382.551,tonne,299.082,UA
CBAM-65579532,25232900,609.904,tonne,1707.125,MA
CBAM-66235476,72083900,631.829,tonne,1956.174,CN
CBAM-66441816,76011000,471.485,tonne,4615.2,IN
CBAM-20249993,28070010,58.913,tonne,1032.623,TR
CBAM-98870273,31021000,486.617,tonne,4979.69,UA
CBAM-58774581,27160000,937.505,tonne,1463.526,MA
CBAM-54501096,25232900,496.026,tonne,1609.655,CN
CBAM-51706513,72083900,433.378,tonne,826.423,IN
CBAM-79497452,76011000,586.908,tonne,3704.818,TR
CBAM-13671714,28070010,32.692,tonne,3202.967,UA
CBAM-86716201,31021000,675.809,tonne,2265.149,MA
CBAM-20511672,27160000,840.189,tonne,229.997,CN
CBAM-67051671,25232900,474.757,tonne,3040.538,IN
CBAM-63507474,72083900,437.783,tonne,4056.078,TR
CBAM-98869297,76011000,999.368,tonne,3026.336,UA
CBAM-84727963,28070010,569.709,tonne,3369.485,MA
CBAM-76423111,31021000,338.17,tonne,4778.566,CN
CBAM-59709898,27160000,678.605,tonne,979.281,IN
CBAM-70430727,25232900,589.295,tonne,3188.108,TR
CBAM-61683425,72083900,191.396,tonne,2630.572,UA
CBAM-56876124,76011000,888.784,tonne,4781.887,MA
CBAM-24984304,28070010,95.592,tonne,1281.32,CN
CBAM-91396330,31021000,581.748,tonne,1513.381,IN
CBAM-90047729,27160000,428.623,tonne,4276.05,TR
CBAM-15425673,25232900,409.456,tonne,1102.809,UA
CBAM-91762768,72083900,41.241,tonne,3184.25,MA
CBAM-99775452,76011000,231.085,tonne,3228.499,CN
CBAM-32812142,28070010,475.789,tonne,3935.469,IN
CBAM-25930519,31021000,942.338,tonne,43.808,TR
CBAM-24509493,27160000,204.682,tonne,4348.273,UA
CBAM-54287463,25232900,759.815,tonne,1428.168,MA
CBAM-12625560,72083900,415.33,tonne,177.674,CN
CBAM-06605935,76011000,355.891,tonne,3603.171,IN
CBAM-63429512,28070010,130.372,tonne,3761.147,TR
CBAM-10174295,31021000,246.986,tonne,4185.801,UA
CBAM-28645033,27160000,803.736,tonne,3398.942,MA
CBAM-68582317,25232900,318.924,tonne,4079.948,CN
CBAM-36895372,72083900,3.769,tonne,1184.284,IN
CBAM-55735945,76011000,431.809,tonne,1469.535,TR
CBAM-91482435,28070010,661.087,tonne,412.29,UA
CBAM-00859888,31021000,520.893,tonne,3500.579,MA
CBAM-68170249,27160000,26.506,tonne,2082.04,CN
CBAM-09925907,25232900,423.9,tonne,1797.185,IN
CBAM-69488622,72083900,244.112,tonne,2371.152,TR
CBAM-79892853,76011000,80.677,tonne,4667.377,UA
CBAM-18354238,28070010,288.469,tonne,3248.052,MA
CBAM-22599419,31021000,214.206,tonne,4606.265,CN
CBAM-08786755,27160000,812.784,tonne,779.676,IN
CBAM-83494506,25232900,980.663,tonne,2476.287,TR
CBAM-90822380,72083900,383.593,tonne,3313.478,UA
CBAM-28191624,76011000,243.694,tonne,2011.501,MA
CBAM-01343803,28070010,617.176,tonne,868.955,CN
CBAM-76591039,31021000,78.99,tonne,2971.561,IN
CBAM-53924170,27160000,161.476,tonne,4258.215,TR
CBAM-05736169,25232900,62.837,tonne,46.475,UA
CBAM-89450726,72083900,566.813,tonne,3602.226,MA
CBAM-36680730,76011000,418.995,tonne,4336.161,CN
CBAM-20427946,28070010,415.859,tonne,1513.603,IN
CBAM-58275672,31021000,949.168,tonne,822.487,TR
CBAM-28070293,27160000,555.47,tonne,4096.432,UA
CBAM-23720884,25232900,945.189,tonne,1941.981,MA
CBAM-20924399,72083900,162.429,tonne,1286.075,CN
CBAM-35654136,76011000,184.988,tonne,908.436,IN
CBAM-06127175,28070010,421.009,tonne,546.677,TR
CBAM-26740451,31021000,519.749,tonne,1562.514,UA
CBAM-49268053,27160000,2.017,tonne,3067.579,MA
CBAM-91132734,25232900,49.332,tonne,681.558,CN
CBAM-94881946,72083900,494.761,tonne,2343.058,IN
CBAM-69282930,76011000,49.185,tonne,1500.988,TR
CBAM-03925554,28070010,329.816,tonne,3973.268,UA
CBAM-45588458,31021000,940.373,tonne,2918.68,MA
CBAM-24417506,27160000,157.054,tonne,690.274,CN
CBAM-38710782,25232900,784.286,tonne,4729.714,IN
CBAM-26432047,72083900,714.86,tonne,2227.969,TR
CBAM-47206460,76011000,368.382,tonne,3645.291,UA
CBAM-10196469,28070010,14.197,tonne,1498.063,MA
CBAM-09511517,31021000,821.953,tonne,2523.368,CN
CBAM-03708246,27160000,570.313,tonne,441.047,IN
CBAM-83752749,25232900,165.946,tonne,1489.591,TR
CBAM-13050672,72083900,758.166,tonne,3394.275,UA
CBAM-76398433,76011000,97.476,tonne,4409.811,MA
CBAM-44013197,28070010,553.736,tonne,619.925,CN
CBAM-85710915,31021000,59.232,tonne,1620.973,IN
CBAM-69211848,27160000,813.652,tonne,2691.99,TR
CBAM-96668910,25232900,514.479,tonne,1114.399,UA
CBAM-35352183,72083900,645.949,tonne,4081.766,MA
CBAM-00592169,76011000,803.536,tonne,3755.622,CN
CBAM-48379500,28070010,785.624,tonne,18.326,IN
CBAM-26821265,31021000,226.567,tonne,3510.468,TR
CBAM-81775871,27160000,951.011,tonne,2617.647,UA
CBAM-95611896,25232900,961.599,tonne,559.342,MA
CBAM-33629972,72083900,742.799,tonne,4038.243,CN
CBAM-99149508,76011000,134.569,tonne,2905.446,IN
CBAM-35610981,28070010,575.975,tonne,1190.512,TR
CBAM-13653950,31021000,859.067,tonne,3236.74,UA
CBAM-17898661,27160000,933.943,tonne,2790.678,MA
CBAM-62791119,25232900,552.455,tonne,512.773,CN
CBAM-92735156,72083900,374.763,tonne,2268.158,IN
CBAM-32017342,76011000,698.748,tonne,4456.391,TR
CBAM-73578830,28070010,571.811,tonne,2603.011,UA
CBAM-76089447,31021000,376.735,tonne,496.983,MA
CBAM-72394725,27160000,193.472,tonne,2615.007,CN
CBAM-23012917,25232900,218.91,tonne,1662.617,IN
CBAM-38311166,72083900,237.635,tonne,3904.046,TR
CBAM-20656636,76011000,454.63,tonne,1569.654,UA
CBAM-63754328,28070010,212.63,tonne,4076.737,MA
CBAM-24477440,31021000,792.287,tonne,1265.703,CN
CBAM-29668397,27160000,18.526,tonne,4201.288,IN
CBAM-94189841,25232900,852.569,tonne,1118.968,TR
CBAM-54251617,72083900,855.874,tonne,328.912,UA
CBAM-91427061,76011000,13.822,tonne,3057.116,MA
CBAM-04489000,28070010,966.729,tonne,1234.32,CN
CBAM-91068245,31021000,478.768,tonne,1866.525,IN
CBAM-91793768,27160000,773.737,tonne,315.177,TR
CBAM-65886107,25232900,934.089,tonne,197.3,UA
CBAM-75680775,72083900,548.373,tonne,2574.631,MA
CBAM-33166715,76011000,676.554,tonne,1284.828,CN
CBAM-96580372,28070010,29.281,tonne,2164.435,IN
CBAM-59385625,31021000,880.963,tonne,4313.355,TR
CBAM-59571310,27160000,362.327,tonne,4971.353,UA
CBAM-60787032,25232900,446.854,tonne,566.489,MA
CBAM-64869532,72083900,623.568,tonne,205.736,CN
CBAM-43076982,76011000,479.064,tonne,1529.908,IN
CBAM-20784142,28070010,118.386,tonne,3754.061,TR
CBAM-58234272,31021000,815.422,tonne,846.539,UA
CBAM-47103610,27160000,366.712,tonne,2872.421,MA
CBAM-83527374,25232900,314.553,tonne,858.9,CN
CBAM-44063638,72083900,506.71,tonne,4212.933,IN
CBAM-45407661,76011000,836.474,tonne,1105.6,TR
CBAM-67043668,28070010,871.754,tonne,2451.429,UA
CBAM-50361668,31021000,769.434,tonne,2393.966,MA
CBAM-04046451,27160000,950.588,tonne,3123.132,CN
CBAM-98098045,25232900,251.08,tonne,1084.034,IN
CBAM-46256071,72083900,3.283,tonne,177.538,TR
CBAM-87784249,76011000,555.487,tonne,2291.188,UA
CBAM-40121119,28070010,492.334,tonne,3386.069,MA
CBAM-51419166,31021000,383.838,tonne,1296.315,CN
CBAM-73058042,27160000,910.191,tonne,1759.649,IN
CBAM-55309214,25232900,665.416,tonne,2760.438,TR
CBAM-00374195,72083900,949.98,tonne,4915.366,UA
CBAM-20469583,76011000,757.05,tonne,2787.948,MA
CBAM-59846290,28070010,47.67,tonne,628.678,CN
CBAM-72567527,31021000,486.939,tonne,922.194,IN
CBAM-27081756,27160000,757.242,tonne,4884.527,TR
CBAM-45863691,25232900,994.594,tonne,1772.951,UA
CBAM-13306212,72083900,469.38,tonne,2617.956,MA
CBAM-99642088,76011000,55.212,tonne,2348.845,CN
CBAM-97262312,28070010,164.45,tonne,1302.39,IN
CBAM-24615894,31021000,523.176,tonne,619.01,TR
CBAM-39600493,27160000,837.43,tonne,2332.66,UA
CBAM-02707160,25232900,991.745,tonne,1293.499,MA
CBAM-07843542,72083900,184.074,tonne,1688.139,CN
CBAM-81861255,76011000,267.431,tonne,2931.972,IN
CBAM-60746682,28070010,712.032,tonne,1745.187,TR
CBAM-15191112,31021000,288.458,tonne,3456.051,UA
CBAM-48520553,27160000,340.319,tonne,1006.864,MA
CBAM-43623155,25232900,66.948,tonne,475.317,CN
CBAM-29157647,72083900,884.78,tonne,1284.859,IN
CBAM-69900188,76011000,832.716,tonne,572.015,TR
CBAM-90208726,28070010,126.325,tonne,2480.909,UA
CBAM-04269940,31021000,754.406,tonne,1419.325,MA
CBAM-15036422,27160000,612.427,tonne,4256.294,CN
CBAM-03545289,25232900,370.279,tonne,1306.245,IN
CBAM-11164951,72083900,652.413,tonne,3032.902,TR
CBAM-94077887,76011000,466.934,tonne,4912.365,UA
CBAM-85249122,28070010,689.934,tonne,4701.375,MA
CBAM-25008228,31021000,876.757,tonne,2945.451,CN
CBAM-47875418,27160000,521.608,tonne,4809.05,IN
CBAM-96243038,25232900,668.456,tonne,440.034,TR
CBAM-18733941,72083900,588.587,tonne,861.094,UA
CBAM-61346224,76011000,774.635,tonne,3640.283,MA
CBAM-76836012,28070010,140.68,tonne,2679.027,CN
CBAM-39540797,31021000,7.635,tonne,1187.534,IN
CBAM-93352511,27160000,209.36,tonne,3371.314,TR
CBAM-67628300,25232900,535.37,tonne,1285.331,UA
CBAM-19166075,72083900,277.822,tonne,4343.93,MA
CBAM-96252794,76011000,151.363,tonne,1333.187,CN
CBAM-58434212,28070010,976.052,tonne,86.841,IN
CBAM-73037309,31021000,68.569,tonne,3635.548,TR
CBAM-48423696,27160000,798.343,tonne,3457.195,UA
CBAM-51490929,25232900,238.194,tonne,2359.059,MA
CBAM-51496887,72083900,74.831,tonne,2679.876,CN
CBAM-86755836,76011000,646.706,tonne,3286.761,IN
CBAM-20222440,28070010,634.945,tonne,1087.877,TR
CBAM-28188745,31021000,11.991,tonne,3541.484,UA
CBAM-72322518,27160000,184.017,tonne,2719.98,MA
CBAM-05677272,25232900,287.84,tonne,2564.905,CN
CBAM-03359253,72083900,523.414,tonne,2084.49,IN
CBAM-41223144,76011000,277.506,tonne,1757.82,TR
CBAM-67720969,28070010,996.93,tonne,2065.091,UA
CBAM-87898718,31021000,785.686,tonne,3125.237,MA
CBAM-16042307,27160000,826.04,tonne,1709.295,CN
CBAM-98870897,25232900,745.733,tonne,3932.543,IN
CBAM-63186773,72083900,276.621,tonne,2158.413,TR
CBAM-39983513,76011000,117.375,tonne,4838.615,UA
CBAM-93941308,28070010,554.477,tonne,1091.201,MA
CBAM-02306868,31021000,629.908,tonne,4896.118,CN
CBAM-23191015,27160000,713.269,tonne,311.347,IN
CBAM-90076227,25232900,250.787,tonne,3306.74,TR
CBAM-94336501,72083900,121.638,tonne,634.417,UA
CBAM-33197148,76011000,255.158,tonne,2390.497,MA
CBAM-38739739,28070010,477.76,tonne,2053.42,CN
CBAM-58155536,31021000,977.301,tonne,4992.804,IN
CBAM-28019662,27160000,554.954,tonne,3884.64,TR
CBAM-59246660,25232900,512.764,tonne,1300.076,UA
CBAM-47907524,72083900,107.122,tonne,2171.509,MA
CBAM-48001978,76011000,121.388,tonne,4458.717,CN
CBAM-68518707,28070010,878.328,tonne,3994.287,IN
CBAM-37496748,31021000,336.055,tonne,1415.009,TR
CBAM-75810733,27160000,487.541,tonne,2129.179,UA
CBAM-15120359,25232900,326.62,tonne,2929.346,MA
CBAM-19871980,72083900,895.987,tonne,4285.073,CN
CBAM-62947025,76011000,468.279,tonne,2563.547,IN
CBAM-41075489,28070010,802.774,tonne,3201.512,TR
CBAM-01623949,31021000,859.275,tonne,3303.402,UA
CBAM-94409086,27160000,997.515,tonne,1267.32,MA
CBAM-91456034,25232900,815.976,tonne,3425.274,CN
CBAM-80940597,72083900,153.55,tonne,2690.642,IN
CBAM-62812993,76011000,666.141,tonne,2424.732,TR
CBAM-11526275,28070010,163.234,tonne,1138.721,UA
CBAM-92055195,31021000,448.059,tonne,2961.994,MA
CBAM-68749968,27160000,725.209,tonne,2752.895,CN
CBAM-56788416,25232900,256.39,tonne,592.037,IN
CBAM-37734859,72083900,611.357,tonne,3605.752,TR
CBAM-51723146,76011000,650.679,tonne,3737.202,UA
CBAM-41788824,28070010,440.52,tonne,3305.031,MA
CBAM-73955453,31021000,844.97,tonne,3828.205,CN
CBAM-03209138,27160000,651.151,tonne,404.086,IN
CBAM-89126979,25232900,157.471,tonne,538.308,TR
CBAM-98441886,72083900,451.883,tonne,4550.557,UA
CBAM-75979065,76011000,551.618,tonne,616.842,MA
CBAM-44940363,28070010,765.786,tonne,3468.071,CN
CBAM-60014929,31021000,280.921,tonne,791.775,IN
CBAM-82545816,27160000,306.038,tonne,1372.486,TR
CBAM-78584940,25232900,360.539,tonne,2894.68,UA
CBAM-09144265,72083900,928.595,tonne,3048.128,MA
CBAM-87090725,76011000,271.896,tonne,3444.631,CN
CBAM-63783616,28070010,156.82,tonne,2263.238,IN
CBAM-34543750,31021000,421.003,tonne,4584.19,TR
CBAM-13242633,27160000,643.743,tonne,2136.139,UA
CBAM-62647931,25232900,364.141,tonne,933.51,MA
CBAM-43301756,72083900,589.551,tonne,1162.029,CN
CBAM-40969187,76011000,631.66,tonne,3415.776,IN
CBAM-21321483,28070010,465.475,tonne,4598.901,TR
CBAM-94445601,31021000,767.486,tonne,2794.337,UA
CBAM-11752301,27160000,354.914,tonne,2905.688,MA
CBAM-17517288,25232900,316.605,tonne,2070.895,CN
CBAM-03686043,72083900,394.225,tonne,3877.759,IN
CBAM-79336554,76011000,44.638,tonne,4570.997,TR
CBAM-98241482,28070010,44.95,tonne,1927.662,UA
CBAM-15610203,31021000,61.103,tonne,2627.871,MA
CBAM-67819860,27160000,516.599,tonne,4361.572,CN
CBAM-38167659,25232900,667.355,tonne,1666.989,IN
CBAM-82941503,72083900,430.334,tonne,2752.355,TR
CBAM-17555759,76011000,839.411,tonne,541.893,UA
CBAM-46339457,28070010,621.81,tonne,1801.17,MA
CBAM-97633459,31021000,637.433,tonne,2403.38,CN
CBAM-33669133,27160000,597.414,tonne,2197.319,IN
CBAM-64095237,25232900,990.853,tonne,780.327,TR
CBAM-58333940,72083900,232.699,tonne,4982.988,UA
CBAM-44428481,76011000,611.336,tonne,2054.05,MA
CBAM-87182975,28070010,456.736,tonne,2011.388,CN
CBAM-09566352,31021000,268.056,tonne,3445.973,IN
CBAM-40770794,27160000,449.404,tonne,3286.526,TR
CBAM-98278533,25232900,29.398,tonne,494.928,UA
CBAM-14800072,72083900,120.489,tonne,3740.258,MA
CBAM-89187486,76011000,258.895,tonne,472.849,CN
CBAM-89191603,28070010,416.559,tonne,683.842,IN
CBAM-46347090,31021000,691.616,tonne,4343.613,TR
CBAM-53132435,27160000,528.212,tonne,121.09,UA
CBAM-99139038,25232900,866.428,tonne,3755.091,MA
CBAM-83273438,72083900,53.643,tonne,4779.64,CN
CBAM-52004898,76011000,265.68,tonne,1674.906,IN
CBAM-15230971,28070010,836.594,tonne,3923.412,TR
CBAM-78382474,31021000,730.271,tonne,1718.947,UA
CBAM-46967375,27160000,186.138,tonne,998.452,MA
CBAM-28027391,25232900,714.598,tonne,972.212,CN
CBAM-09943262,72083900,618.181,tonne,1704.056,IN
CBAM-98403772,76011000,82.797,tonne,4196.86,TR
CBAM-96256322,28070010,778.803,tonne,3131.593,UA
CBAM-19866578,31021000,538.39,tonne,2855.838,MA
CBAM-43334578,27160000,871.23,tonne,1537.7,CN
CBAM-21807040,25232900,353.138,tonne,4078.553,IN
CBAM-50910263,72083900,369.606,tonne,178.958,TR
CBAM-84388230,76011000,581.553,tonne,1845.073,UA
CBAM-87246957,28070010,876.782,tonne,756.489,MA
CBAM-66801981,31021000,596.489,tonne,4901.987,CN
CBAM-66239720,27160000,507.9,tonne,2122.66,IN
CBAM-97118869,25232900,248.06,tonne,535.175,TR
CBAM-60396223,72083900,223.049,tonne,687.882,UA
CBAM-59514202,76011000,785.929,tonne,2976.482,MA
CBAM-72354967,28070010,948.081,tonne,1839.182,CN
CBAM-42101386,31021000,87.357,tonne,4193.063,IN
CBAM-32379669,27160000,926.468,tonne,4597.56,TR
CBAM-34399213,25232900,679.816,tonne,5006.912,UA
CBAM-41224378,72083900,934.376,tonne,4020.441,MA
CBAM-14454360,76011000,457.972,tonne,530.494,CN
CBAM-16030569,28070010,522.937,tonne,1654.418,IN
CBAM-53920195,31021000,793.696,tonne,1527.997,TR
CBAM-98944896,27160000,595.156,tonne,2760.978,UA
CBAM-31854072,25232900,771.308,tonne,2848.527,MA
CBAM-89786755,72083900,269.734,tonne,4156.274,CN
CBAM-90816758,76011000,342.26,tonne,1926.579,IN
CBAM-49654972,28070010,365.857,tonne,3285.757,TR
CBAM-10386644,31021000,476.786,tonne,644.291,UA
CBAM-39565316,27160000,735.821,tonne,4043.804,MA
CBAM-68476555,25232900,717.284,tonne,2117.148,CN
CBAM-68144933,72083900,28.931,tonne,2397.595,IN
CBAM-61224355,76011000,551.5,tonne,2326.721,TR
CBAM-22163279,28070010,214.86,tonne,2014.491,UA
CBAM-48423681,31021000,282.249,tonne,907.4,MA
CBAM-27623763,27160000,700.786,tonne,4275.305,CN
CBAM-32604347,25232900,846.613,tonne,519.891,IN
CBAM-08937495,72083900,711.851,tonne,596.927,TR
CBAM-03767022,76011000,396.855,tonne,1725.99,UA
CBAM-50318190,28070010,442.419,tonne,1715.97,MA
CBAM-09212024,31021000,859.474,tonne,609.562,CN
CBAM-50195327,27160000,576.033,tonne,3390.393,IN
CBAM-98825023,25232900,608.436,tonne,1384.412,TR
CBAM-54700685,72083900,989.848,tonne,2788.031,UA
CBAM-90271463,76011000,139.565,tonne,3532.669,MA
CBAM-78284432,28070010,627.618,tonne,1019.778,CN
CBAM-84359145,31021000,520.666,tonne,4357.596,IN
CBAM-22281199,27160000,96.883,tonne,1455.897,TR
CBAM-97944619,25232900,250.301,tonne,4666.731,UA
CBAM-74580835,72083900,513.256,tonne,2315.735,MA
CBAM-99027234,76011000,621.754,tonne,2890.415,CN
CBAM-55975955,28070010,108.785,tonne,2394.106,IN
CBAM-17135199,31021000,509.734,tonne,3631.878,TR
CBAM-05705593,27160000,400.007,tonne,98.492,UA
CBAM-59045551,25232900,311.775,tonne,2749.317,MA
CBAM-57892610,72083900,510.772,tonne,1694.298,CN
CBAM-70619842,76011000,36.569,tonne,2653.036,IN
CBAM-92404113,28070010,197.955,tonne,4511.141,TR
CBAM-52338249,31021000,39.282,tonne,3520.481,UA
CBAM-96883757,27160000,584.042,tonne,4381.177,MA
CBAM-58998523,25232900,774.789,tonne,4394.025,CN
CBAM-46033111,72083900,926.007,tonne,3938.613,IN
CBAM-70044671,76011000,597.917,tonne,2885.567,TR
CBAM-59098334,28070010,650.837,tonne,1379.822,UA
CBAM-80019849,31021000,649.362,tonne,2650.876,MA
CBAM-24042528,27160000,59.571,tonne,2125.183,CN
CBAM-86381204,25232900,860.625,tonne,2905.264,IN
CBAM-79331144,72083900,169.147,tonne,558.825,TR
CBAM-06669453,76011000,85.766,tonne,310.368,UA
CBAM-05440720,28070010,5.243,tonne,1817.333,MA
CBAM-14719777,31021000,983.49,tonne,3088.043,CN
CBAM-34185202,27160000,15.946,tonne,1876.99,IN
CBAM-18367284,25232900,507.785,tonne,1170.549,TR
CBAM-77789172,72083900,731.341,tonne,3593.562,UA
CBAM-40334113,76011000,83.122,tonne,3048.397,MA
CBAM-10380718,28070010,969.273,tonne,4374.035,CN
CBAM-69790274,31021000,283.714,tonne,1598.429,IN
CBAM-45079688,27160000,683.97,tonne,4073.253,TR
CBAM-24750311,25232900,888.952,tonne,4111.079,UA
CBAM-40827748,72083900,272.802,tonne,2740.803,MA
CBAM-33672460,76011000,384.506,tonne,3402.686,CN
CBAM-44634309,28070010,526.759,tonne,3570.494,IN
CBAM-93875531,31021000,381.286,tonne,4333.654,TR
CBAM-75618027,27160000,398.747,tonne,1941.14,UA
CBAM-90001003,25232900,751.396,tonne,2625.411,MA
CBAM-45131173,72083900,399.135,tonne,3613.665,CN
CBAM-02363381,76011000,137.736,tonne,261.805,IN
CBAM-43926103,28070010,903.393,tonne,454.03,TR
CBAM-79240144,31021000,682.87,tonne,4580.533,UA
CBAM-10759264,27160000,39.213,tonne,3413.668,MA
CBAM-36644723,25232900,749.219,tonne,3655.216,CN
CBAM-58860744,72083900,172.797,tonne,3806.674,IN
CBAM-20964497,76011000,707.492,tonne,1340.456,TR
CBAM-56283603,28070010,875.658,tonne,1812.001,UA
CBAM-74484998,31021000,258.526,tonne,2018.014,MA
CBAM-04848420,27160000,729.411,tonne,4700.618,CN
CBAM-40970085,25232900,400.807,tonne,4747.73,IN
CBAM-02223192,72083900,82.959,tonne,1321.593,TR
CBAM-55796664,76011000,737.451,tonne,3233.797,UA
CBAM-80495686,28070010,880.105,tonne,3330.228,MA
CBAM-80836468,31021000,676.905,tonne,2683.257,CN
CBAM-66945461,27160000,70.479,tonne,4660.314,IN
CBAM-35897786,25232900,75.932,tonne,4443.412,TR
CBAM-68082427,72083900,419.857,tonne,2535.158,UA
CBAM-99337620,76011000,838.389,tonne,4504.951,MA
CBAM-56030157,28070010,873.551,tonne,1515.583,CN
CBAM-23137373,31021000,385.349,tonne,4230.633,IN
CBAM-43102476,27160000,375.762,tonne,4420.727,TR
CBAM-23545808,25232900,569.511,tonne,2171.985,UA
CBAM-07498200,72083900,215.336,tonne,2070.758,MA
CBAM-41781658,76011000,402.628,tonne,1920.478,CN
CBAM-61028002,28070010,793.098,tonne,4931.171,IN
CBAM-36783117,31021000,814.072,tonne,1079.276,TR
CBAM-73421958,27160000,941.722,tonne,2323.022,UA
CBAM-28243574,25232900,92.27,tonne,1683.442,MA
CBAM-92578208,72083900,549.492,tonne,4383.091,CN
CBAM-91501484,76011000,381.849,tonne,2855.857,IN
CBAM-43856954,28070010,102.581,tonne,3262.59,TR
CBAM-91708904,31021000,777.801,tonne,4267.86,UA
CBAM-08248304,27160000,507.514,tonne,2523.892,MA
CBAM-03110458,25232900,270.681,tonne,4807.719,CN
CBAM-55008040,72083900,794.136,tonne,3761.065,IN
CBAM-40621033,76011000,311.259,tonne,1658.981,TR
CBAM-35293746,28070010,211.295,tonne,2086.87,UA
CBAM-28501861,31021000,994.302,tonne,1684.042,MA
CBAM-08710249,27160000,612.177,tonne,2225.917,CN
CBAM-38444445,25232900,697.963,tonne,1838.034,IN
CBAM-50321300,72083900,769.857,tonne,2007.709,TR
CBAM-39306741,76011000,290.747,tonne,443.339,UA
CBAM-11583536,28070010,309.125,tonne,4932.181,MA
CBAM-77031308,31021000,742.852,tonne,3691.273,CN
CBAM-73619530,27160000,548.437,tonne,3993.173,IN
CBAM-99536620,25232900,687.271,tonne,4143.697,TR
CBAM-90808670,72083900,355.885,tonne,1431.085,UA
CBAM-07290617,76011000,238.764,tonne,3450.338,MA
CBAM-44281879,28070010,229.655,tonne,4291.622,CN
CBAM-68341967,31021000,72.956,tonne,4278.851,IN
CBAM-54262861,27160000,916.646,tonne,935.992,TR
CBAM-05462859,25232900,894.879,tonne,812.23,UA
CBAM-13915961,72083900,491.456,tonne,55.959,MA
CBAM-52031184,76011000,650.735,tonne,3434.627,CN
CBAM-59341456,28070010,84.74,tonne,3524.096,IN
CBAM-41018726,31021000,706.449,tonne,174.315,TR
CBAM-42516382,27160000,837.461,tonne,2123.415,UA
CBAM-38110109,25232900,795.997,tonne,4251.88,MA
CBAM-15467023,72083900,899.874,tonne,2707.355,CN
CBAM-38479224,76011000,199.481,tonne,3272.881,IN
CBAM-95888002,28070010,543.535,tonne,1631.353,TR
CBAM-97890471,31021000,575.218,tonne,2227.603,UA
CBAM-82031723,27160000,830.053,tonne,4975.016,MA
CBAM-70240888,25232900,265.856,tonne,4490.036,CN
CBAM-76094449,72083900,845.258,tonne,2816.602,IN
CBAM-78765512,76011000,491.034,tonne,1439.146,TR
CBAM-75923893,28070010,836.958,tonne,1931.208,UA
CBAM-09797584,31021000,265.463,tonne,115.521,MA
CBAM-40192017,27160000,303.85,tonne,1288.176,CN
CBAM-34458760,25232900,618.06,tonne,444.757,IN
CBAM-81610825,72083900,751.524,tonne,3223.901,TR
CBAM-88969506,76011000,559.468,tonne,3322.783,UA
CBAM-32632581,28070010,805.812,tonne,3537.622,MA
CBAM-57266070,31021000,100.689,tonne,2489.913,CN
CBAM-84188227,27160000,67.886,tonne,2163.752,IN
CBAM-42884965,25232900,735.893,tonne,4914.398,TR
CBAM-92569171,72083900,787.657,tonne,4807.863,UA
CBAM-33264121,76011000,646.054,tonne,2217.488,MA
CBAM-87706816,28070010,455.323,tonne,388.601,CN
CBAM-35981494,31021000,749.244,tonne,4331.565,IN
CBAM-57946661,27160000,26.417,tonne,3840.34,TR
CBAM-21733263,25232900,745.954,tonne,2527.633,UA
CBAM-98962891,72083900,952.674,tonne,247.594,MA
CBAM-97717214,76011000,457.555,tonne,1289.108,CN
CBAM-51258590,28070010,218.059,tonne,4477.565,IN
CBAM-91076797,31021000,982.554,tonne,2434.408,TR
CBAM-64593214,27160000,715.071,tonne,4070.721,UA
CBAM-28672244,25232900,443.249,tonne,3315.937,MA
CBAM-35197290,72083900,386.442,tonne,3533.795,CN
CBAM-29841922,76011000,790.531,tonne,4448.899,IN
CBAM-09312285,28070010,718.557,tonne,1838.833,TR
CBAM-55521335,31021000,482.377,tonne,310.073,UA
CBAM-89002398,27160000,436.236,tonne,2503.487,MA
CBAM-99383275,25232900,454.375,tonne,215.123,CN
CBAM-71315179,72083900,650.803,tonne,2677.995,IN
CBAM-98875526,76011000,672.358,tonne,2497.382,TR
CBAM-92873647,28070010,428.006,tonne,4014.954,UA
CBAM-86096893,31021000,549.601,tonne,1442.619,MA
CBAM-70456745,27160000,863.194,tonne,1426.914,CN
CBAM-25572785,25232900,57.2,tonne,1484.514,IN
CBAM-40247055,72083900,496.544,tonne,634.316,TR
CBAM-75008891,76011000,185.829,tonne,4309.147,UA
CBAM-42029207,28070010,400.331,tonne,3889.657,MA
CBAM-65711157,31021000,359.624,tonne,3530.566,CN
CBAM-12291655,27160000,800.542,tonne,3332.52,IN
CBAM-09659775,25232900,406.745,tonne,2127.179,TR
CBAM-29522909,72083900,285.708,tonne,3083.217,UA
CBAM-90363670,76011000,36.52,tonne,4130.493,MA
CBAM-86467078,28070010,406.155,tonne,2341.83,CN
CBAM-65215396,31021000,696.186,tonne,3978.379,IN
CBAM-64647175,27160000,485.429,tonne,4076.37,TR
CBAM-36432972,25232900,934.742,tonne,3986.444,UA
CBAM-24251345,72083900,204.262,tonne,4406.989,MA
CBAM-25435389,76011000,308.397,tonne,3161.16,CN
CBAM-60911324,28070010,346.673,tonne,3591.834,IN
CBAM-81409531,31021000,313.064,tonne,4372.424,TR
CBAM-71444054,27160000,459.104,tonne,993.01,UA
CBAM-70030428,25232900,208.014,tonne,3795.611,MA
CBAM-53187379,72083900,504.241,tonne,2428.642,CN
CBAM-87922001,76011000,621.415,tonne,4311.093,IN
CBAM-56366223,28070010,374.048,tonne,1350.703,TR
CBAM-96920840,31021000,866.008,tonne,3794.389,UA
CBAM-65186955,27160000,526.137,tonne,4662.894,MA
CBAM-48178709,25232900,172.259,tonne,1294.49,CN
CBAM-76948095,72083900,401.893,tonne,1877.312,IN
CBAM-06904976,76011000,969.944,tonne,2812.688,TR
CBAM-25853997,28070010,792.225,tonne,4289.795,UA
CBAM-02990774,31021000,755.567,tonne,3634.33,MA
CBAM-07628822,27160000,296.256,tonne,4027.75,CN
CBAM-49766968,25232900,392.007,tonne,3583.023,IN
CBAM-50053638,72083900,269.112,tonne,4592.834,TR
CBAM-45204933,76011000,84.657,tonne,4993.449,UA
CBAM-30067064,28070010,915.63,tonne,816.755,MA
CBAM-44821084,31021000,638.289,tonne,2071.403,CN
CBAM-26070913,27160000,539.554,tonne,2662.838,IN
CBAM-72868538,25232900,538.428,tonne,1900.607,TR
CBAM-73722677,72083900,424.47,tonne,1442.498,UA
CBAM-71733224,76011000,854.955,tonne,4458.039,MA
CBAM-07154975,28070010,303.998,tonne,2613.029,CN
CBAM-01124191,31021000,181.277,tonne,106.418,IN
CBAM-05908867,27160000,68.657,tonne,3973.721,TR
CBAM-35888353,25232900,562.124,tonne,2675.353,UA
CBAM-44305678,72083900,413.279,tonne,1866.874,MA
CBAM-68388782,76011000,748.185,tonne,3300.197,CN
CBAM-22038152,28070010,461.233,tonne,126.696,IN
CBAM-36218679,31021000,784.79,tonne,4466.595,TR
CBAM-66227493,27160000,399.572,tonne,2428.413,UA
CBAM-06545216,25232900,825.787,tonne,2720.878,MA
CBAM-18033728,72083900,653.189,tonne,708.134,CN
CBAM-86298184,76011000,551.014,tonne,3030.232,IN
CBAM-94017861,28070010,135.966,tonne,55.508,TR
CBAM-43398105,31021000,704.399,tonne,3755.032,UA
CBAM-13266352,27160000,319.369,tonne,2799.146,MA
CBAM-48225361,25232900,399.032,tonne,4357.848,CN
CBAM-06627385,72083900,40.451,tonne,2894.841,IN
CBAM-86497221,76011000,318.189,tonne,1699.476,TR
CBAM-55628662,28070010,766.708,tonne,4385.174,UA
CBAM-79081394,31021000,275.014,tonne,1848.182,MA
CBAM-96653734,27160000,988.267,tonne,1518.479,CN
CBAM-02208111,25232900,153.385,tonne,2188.174,IN
CBAM-16736539,72083900,40.653,tonne,1671.415,TR
CBAM-01399328,76011000,742.904,tonne,2747.677,UA
CBAM-36433288,28070010,589.636,tonne,2145.219,MA
CBAM-61974720,31021000,912.05,tonne,1604.646,CN
CBAM-94606578,27160000,539.742,tonne,315.103,IN
CBAM-76995201,25232900,811.268,tonne,3045.543,TR
CBAM-20655029,72083900,389.03,tonne,276.509,UA
CBAM-17335818,76011000,9.951,tonne,4917.766,MA
CBAM-06943911,28070010,264.212,tonne,4124.128,CN
CBAM-79210599,31021000,236.444,tonne,92.646,IN
CBAM-28485477,27160000,705.731,tonne,1287.42,TR
CBAM-66757855,25232900,650.827,tonne,2703.066,UA
CBAM-86657992,72083900,919.665,tonne,3319.929,MA
CBAM-20518612,76011000,495.397,tonne,367.509,CN
CBAM-93055345,28070010,919.693,tonne,2652.716,IN
CBAM-67462623,31021000,578.943,tonne,2297.362,TR
CBAM-18025903,27160000,603.701,tonne,748.843,UA
CBAM-06739438,25232900,888.997,tonne,1900.699,MA
CBAM-91331655,72083900,480.903,tonne,597.14,CN
CBAM-71114955,76011000,712.283,tonne,2030.856,IN
CBAM-13633402,28070010,700.209,tonne,3430.494,TR
CBAM-54044174,31021000,959.348,tonne,197.1,UA
CBAM-98733482,27160000,171.056,tonne,749.145,MA
CBAM-19006110,25232900,676.108,tonne,2375.047,CN
CBAM-57593111,72083900,345.491,tonne,2894.91,IN
CBAM-33503097,76011000,409.801,tonne,4223.935,TR
CBAM-54908430,28070010,757.89,tonne,1146.988,UA
CBAM-30923901,31021000,810.931,tonne,1920.454,MA
CBAM-83408377,27160000,875.28,tonne,4312.189,CN
CBAM-02771042,25232900,655.644,tonne,1674.02,IN
CBAM-67429777,72083900,247.698,tonne,3104.041,TR
CBAM-65543334,76011000,161.262,tonne,2120.739,UA
CBAM-06375610,28070010,800.223,tonne,2831.39,MA
CBAM-82913898,31021000,815.859,tonne,4576.348,CN
CBAM-17622851,27160000,553.524,tonne,3664.307,IN
CBAM-05577872,25232900,56.642,tonne,2740.261,TR
CBAM-29911074,72083900,379.447,tonne,230.758,UA
CBAM-41379028,76011000,893.233,tonne,1958.607,MA
CBAM-94520054,28070010,304.323,tonne,1163.145,CN
CBAM-71823863,31021000,499.305,tonne,351.52,IN
CBAM-54770412,27160000,606.414,tonne,2798.049,TR
CBAM-60070426,25232900,15.478,tonne,2902.659,UA
CBAM-44557330,72083900,940.751,tonne,3549.877,MA
CBAM-62058262,76011000,62.431,tonne,4942.869,CN
CBAM-09726570,28070010,42.293,tonne,178.881,IN
CBAM-35865786,31021000,127.094,tonne,789.865,TR
CBAM-88062554,27160000,688.487,tonne,592.636,UA
CBAM-31882343,25232900,573.157,tonne,4153.766,MA
CBAM-73544398,72083900,339.1,tonne,1562.858,CN
CBAM-61051899,76011000,15.855,tonne,1844.357,IN
CBAM-02839558,28070010,604,tonne,2822.093,TR
CBAM-77899329,31021000,41.309,tonne,4570.032,UA
CBAM-28336986,27160000,775.636,tonne,1594.844,MA
CBAM-67853621,25232900,60.844,tonne,2776.743,CN
CBAM-25049747,72083900,862.827,tonne,3395.281,IN
CBAM-54446963,76011000,567.36,tonne,584.851,TR
CBAM-28658743,28070010,54.698,tonne,3883.636,UA
CBAM-68077537,31021000,554.859,tonne,1956.546,MA
CBAM-99560024,27160000,900.933,tonne,4868.356,CN
CBAM-21768692,25232900,350.005,tonne,3072.895,IN
CBAM-30999424,72083900,993.862,tonne,3535.437,TR
CBAM-33249284,76011000,90.924,tonne,4261.582,UA
CBAM-27339891,28070010,896.003,tonne,4666.849,MA
CBAM-72262500,31021000,975.593,tonne,2854.327,CN
CBAM-72862338,27160000,507.559,tonne,614.461,IN
CBAM-40201081,25232900,888.35,tonne,1431.958,TR
CBAM-82339387,72083900,464.064,tonne,1134.285,UA
CBAM-96408790,76011000,378.793,tonne,2684.461,MA
CBAM-17115959,28070010,724.931,tonne,2672.137,CN
CBAM-79446789,31021000,196.778,tonne,4483.994,IN
CBAM-08147311,27160000,336.617,tonne,1219.282,TR
CBAM-67534580,25232900,913.244,tonne,2306.26,UA
CBAM-70522693,72083900,590.005,tonne,3379.234,MA
CBAM-56106628,76011000,892.615,tonne,1033.991,CN
CBAM-01481203,28070010,832.21,tonne,4691.449,IN
CBAM-01029023,31021000,709.617,tonne,4837.361,TR
CBAM-80514054,27160000,847.968,tonne,3925.958,UA
CBAM-50627139,25232900,983.157,tonne,1824.013,MA
CBAM-38398229,72083900,371.094,tonne,3088.401,CN
CBAM-17865430,76011000,790.577,tonne,4413.559,IN
CBAM-67404244,28070010,891.481,tonne,2785.43,TR
CBAM-03804630,31021000,385.072,tonne,1430.536,UA
CBAM-17310092,27160000,413.498,tonne,3208.4,MA
CBAM-20891616,25232900,227.031,tonne,2597.041,CN
CBAM-53134744,72083900,842.304,tonne,4335.615,IN
CBAM-55192666,76011000,377.811,tonne,2207.279,TR
CBAM-61320195,28070010,874.962,tonne,2423.578,UA
CBAM-69110132,31021000,803.87,tonne,3912.836,MA
CBAM-84647588,27160000,913.556,tonne,595.333,CN
CBAM-43379473,25232900,316.367,tonne,1189.927,IN
CBAM-52578593,72083900,796.496,tonne,1776.402,TR
CBAM-73950112,76011000,791.696,tonne,2806.393,UA
CBAM-49267929,28070010,339.95,tonne,3821.839,MA
CBAM-77816309,31021000,203.815,tonne,1709.255,CN
CBAM-94938816,27160000,493.214,tonne,2166.327,IN
CBAM-08418839,25232900,506.206,tonne,963.47,TR
CBAM-17748973,72083900,366.616,tonne,3523.071,UA
CBAM-89317533,76011000,970.954,tonne,3381.855,MA
CBAM-85575790,28070010,396.131,tonne,4508.195,CN
CBAM-01471217,31021000,839.997,tonne,3324.491,IN
CBAM-93344072,27160000,98.332,tonne,3616.769,TR
CBAM-70036952,25232900,766.872,tonne,1773.937,UA
CBAM-46432324,72083900,117.684,tonne,4385.375,MA
CBAM-01714521,76011000,255.795,tonne,256.032,CN
CBAM-39771339,28070010,82.819,tonne,4125.36,IN
CBAM-61639689,31021000,688.657,tonne,4530.89,TR
CBAM-98777583,27160000,782.112,tonne,4031.285,UA
CBAM-31758875,25232900,920.198,tonne,2768.4,MA
CBAM-72046199,72083900,299.662,tonne,3158.195,CN
CBAM-21106368,76011000,354.969,tonne,3107.148,IN
CBAM-00040452,28070010,946.449,tonne,572.615,TR
CBAM-69175964,31021000,609.834,tonne,1530.429,UA
CBAM-58582870,27160000,61.419,tonne,3991.1,MA
CBAM-35287961,25232900,399.454,tonne,142.341,CN
CBAM-15394742,72083900,326.424,tonne,411.97,IN
CBAM-12468985,76011000,540.753,tonne,1258.847,TR
CBAM-88575886,28070010,591.687,tonne,1798.317,UA
CBAM-54617662,31021000,518.663,tonne,927.089,MA
CBAM-42287109,27160000,924.483,tonne,12.45,CN
CBAM-99875563,25232900,397.686,tonne,1364.007,IN
CBAM-05396955,72083900,784.746,tonne,4011.237,TR
CBAM-50759044,76011000,99.664,tonne,4903.988,UA
CBAM-40435140,28070010,103.43,tonne,1742.614,MA
CBAM-80357700,31021000,236.963,tonne,4887.385,CN
CBAM-89851185,27160000,545.54,tonne,197.588,IN
CBAM-16242534,25232900,902.057,tonne,3645.732,TR
CBAM-09567337,72083900,941.892,tonne,4462.685,UA
CBAM-22776166,76011000,4.608,tonne,3541.79,MA
CBAM-42750633,28070010,82.655,tonne,4650.557,CN
CBAM-65862269,31021000,742.502,tonne,3681.111,IN
CBAM-71690272,27160000,628.648,tonne,2489.417,TR
CBAM-02118736,25232900,292.774,tonne,1639.253,UA
CBAM-07341490,72083900,804.106,tonne,627.911,MA
CBAM-75469228,76011000,232.285,tonne,3307.16,CN
CBAM-55440297,28070010,433.488,tonne,1599.22,IN
CBAM-24522932,31021000,100.46,tonne,1929.344,TR
CBAM-34540284,27160000,589.148,tonne,2858.936,UA
CBAM-61179473,25232900,10.002,tonne,2705.247,MA
CBAM-82153209,72083900,51.697,tonne,3179.513,CN
CBAM-88625012,76011000,63.967,tonne,1137.74,IN
CBAM-42893749,28070010,725.342,tonne,3839.142,TR
CBAM-84245688,31021000,85.532,tonne,2609.985,UA
CBAM-22377219,27160000,312.887,tonne,2278.827,MA
CBAM-80175047,25232900,901.967,tonne,4237.89,CN
CBAM-19993445,72083900,389.801,tonne,1370.326,IN
CBAM-36381914,76011000,314.348,tonne,303.251,TR
CBAM-17690003,28070010,859.412,tonne,1984.195,UA
CBAM-61327592,31021000,723.262,tonne,13.454,MA
CBAM-84207420,27160000,504.595,tonne,3738.082,CN
CBAM-62002504,25232900,999.377,tonne,4996.714,IN
CBAM-38297914,72083900,770.52,tonne,1799.823,TR
CBAM-20015689,76011000,122.302,tonne,4217.024,UA
CBAM-15788886,28070010,897.307,tonne,4891.596,MA
CBAM-56224431,31021000,141.146,tonne,2697.373,CN
CBAM-34332983,27160000,647.101,tonne,3684.81,IN
CBAM-96350703,25232900,375.617,tonne,2269.326,TR
CBAM-15316107,72083900,465.967,tonne,1833.81,UA
CBAM-97039960,76011000,959.696,tonne,3671.037,MA
CBAM-21268103,28070010,42.76,tonne,4104.287,CN
CBAM-04546292,31021000,267.988,tonne,257.732,IN
CBAM-64226392,27160000,602.691,tonne,4225.344,TR
CBAM-69634207,25232900,535.861,tonne,3758.846,UA
CBAM-05806257,72083900,140.342,tonne,982.124,MA
CBAM-93909723,76011000,528.234,tonne,3195.756,CN
CBAM-86819385,28070010,600.828,tonne,3640.11,IN
CBAM-52819533,31021000,778.056,tonne,1180.774,TR
CBAM-96877176,27160000,484.064,tonne,4194.153,UA
CBAM-31084564,25232900,87.409,tonne,3694.13,MA
CBAM-27350126,72083900,236.04,tonne,2556.729,CN
CBAM-88789555,76011000,769.552,tonne,538.022,IN
CBAM-70118644,28070010,780.967,tonne,2094.634,TR
CBAM-52612327,31021000,81.921,tonne,27.598,UA
CBAM-61402143,27160000,455.343,tonne,1883.036,MA
CBAM-66472827,25232900,903.222,tonne,4485.679,CN
CBAM-56151968,72083900,343.879,tonne,2233.849,IN
CBAM-84588579,76011000,942.89,tonne,1951.552,TR
CBAM-42379415,28070010,760.66,tonne,4936.186,UA
CBAM-24908661,31021000,756.295,tonne,825.697,MA
CBAM-39074827,27160000,80.241,tonne,3668.004,CN
CBAM-74936053,25232900,528.048,tonne,23.133,IN
CBAM-32961225,72083900,807.43,tonne,3020.341,TR
CBAM-20832201,76011000,937.44,tonne,84.566,UA
CBAM-80126415,28070010,358.42,tonne,3835.258,MA
CBAM-09081822,31021000,604.503,tonne,3220.254,CN
CBAM-31530645,27160000,543.989,tonne,252.199,IN
CBAM-54946205,25232900,884.201,tonne,2445.393,TR
CBAM-04351318,72083900,243.303,tonne,2142.702,UA
CBAM-71740838,76011000,620.997,tonne,1181.691,MA
CBAM-32477258,28070010,383.306,tonne,2041.633,CN
CBAM-08589817,31021000,964.78,tonne,1693.191,IN
CBAM-57850322,27160000,63.77,tonne,533.956,TR
CBAM-27554237,25232900,478.231,tonne,4870.647,UA
CBAM-94062179,72083900,951.379,tonne,3546.06,MA
CBAM-29215115,76011000,477.881,tonne,107.057,CN
CBAM-75106102,28070010,105.501,tonne,4570.839,IN
CBAM-91601466,31021000,773.106,tonne,3211.805,TR
CBAM-24300912,27160000,317.751,tonne,4524.755,UA
CBAM-90360135,25232900,142.901,tonne,1598.913,MA
CBAM-71916221,72083900,949.999,tonne,456.017,CN
CBAM-34612458,76011000,265.491,tonne,74.44,IN
CBAM-78422849,28070010,596.098,tonne,3904.492,TR
CBAM-94220040,31021000,582.35,tonne,3932.815,UA
CBAM-96585716,27160000,721.011,tonne,4866.107,MA
CBAM-88756451,25232900,410.081,tonne,4081.806,CN
CBAM-24710709,72083900,308.236,tonne,3577.618,IN
CBAM-21189703,76011000,635.159,tonne,2012.767,TR
CBAM-26629130,28070010,941.519,tonne,4847.017,UA
CBAM-82964998,31021000,471.916,tonne,2681.582,MA
CBAM-89127857,27160000,646.984,tonne,250.28,CN
CBAM-87541118,25232900,416.707,tonne,951.305,IN
CBAM-32798179,72083900,67.049,tonne,904.824,TR
CBAM-97462319,76011000,251.332,tonne,197.908,UA
CBAM-72491075,28070010,460.868,tonne,2542.688,MA
CBAM-63802101,31021000,521.17,tonne,3870.668,CN
CBAM-92955162,27160000,992.002,tonne,3213.367,IN
CBAM-69240550,25232900,878.394,tonne,692.688,TR
CBAM-76655360,72083900,841.262,tonne,4384.364,UA
CBAM-79687559,76011000,188.201,tonne,2074.541,MA
CBAM-83476716,28070010,165.487,tonne,147.268,CN
CBAM-34556101,31021000,124.445,tonne,1421.648,IN
CBAM-02847999,27160000,324.06,tonne,414.255,TR
CBAM-58184312,25232900,893.863,tonne,4136.775,UA
CBAM-95235588,72083900,896.44,tonne,4938.624,MA
CBAM-40198594,76011000,246.893,tonne,3413.298,CN
CBAM-12194835,28070010,673.973,tonne,3355.022,IN
CBAM-69575444,31021000,980.034,tonne,1076.974,TR
CBAM-30471302,27160000,375.082,tonne,3453.941,UA
CBAM-28828493,25232900,615.103,tonne,1611.25,MA
CBAM-16880312,72083900,50.376,tonne,3868.465,CN
CBAM-70441777,76011000,645.526,tonne,3488.973,IN
CBAM-31067045,28070010,62.435,tonne,2613.099,TR
CBAM-03702988,31021000,706.965,tonne,2260.838,UA
CBAM-60634518,27160000,351.195,tonne,3611.08,MA
CBAM-43818686,25232900,367.592,tonne,3460.426,CN
CBAM-20971944,72083900,875.094,tonne,1965.465,IN
CBAM-98644763,76011000,297.144,tonne,2005.09,TR
CBAM-54329389,28070010,9.853,tonne,4028.407,UA
CBAM-52385249,31021000,920.664,tonne,4024.69,MA
CBAM-42796957,27160000,969.779,tonne,890.337,CN
CBAM-64723892,25232900,98.907,tonne,2522.463,IN
CBAM-70548294,72083900,283.789,tonne,1788.619,TR
CBAM-84687942,76011000,692.76,tonne,4651.05,UA
CBAM-31359422,28070010,192.773,tonne,828.267,MA
CBAM-89368945,31021000,146.489,tonne,4101.65,CN
CBAM-64158679,27160000,979.24,tonne,3249.085,IN
CBAM-87132288,25232900,39.409,tonne,820.021,TR
CBAM-98994685,72083900,975.099,tonne,3734.442,UA
CBAM-38984636,76011000,38.311,tonne,4090.472,MA
CBAM-65551676,28070010,777.621,tonne,3090.134,CN
CBAM-08999529,31021000,463.107,tonne,2342.45,IN
CBAM-14854182,27160000,963.243,tonne,4707.704,TR
CBAM-79112404,25232900,30.921,tonne,3085.69,UA
CBAM-37413978,72083900,635.768,tonne,2765.913,MA
CBAM-64042652,76011000,469.471,tonne,1251.524,CN
CBAM-04161405,28070010,302.863,tonne,2459.834,IN
CBAM-50426785,31021000,943.089,tonne,766.639,TR
CBAM-13539244,27160000,947.774,tonne,4325.989,UA
CBAM-05017573,25232900,193.53,tonne,3093.232,MA
CBAM-49731335,72083900,110.317,tonne,4027.966,CN
CBAM-35397414,76011000,81.082,tonne,2340.461,IN
CBAM-92808802,28070010,573.138,tonne,2684.823,TR
CBAM-36242555,31021000,364.6,tonne,2994.808,UA
CBAM-61704472,27160000,697.604,tonne,241.027,MA
CBAM-75362210,25232900,559.766,tonne,1536.046,CN
CBAM-67111194,72083900,297.832,tonne,3116.525,IN
CBAM-76942361,76011000,379.346,tonne,4012.11,TR
CBAM-40489067,28070010,864.167,tonne,4352.542,UA
CBAM-97795125,31021000,677.453,tonne,4755.614,MA
CBAM-58707963,27160000,646.676,tonne,248.18,CN
CBAM-90063929,25232900,580.057,tonne,1795.14,IN
CBAM-86538767,72083900,311.064,tonne,171.341,TR
CBAM-77853587,76011000,401.215,tonne,2238.364,UA
CBAM-85083681,28070010,917.885,tonne,1779.182,MA
CBAM-72410984,31021000,310.883,tonne,4007.132,CN
CBAM-17273051,27160000,960.741,tonne,2471.304,IN
CBAM-57179487,25232900,663.658,tonne,301.027,TR
CBAM-49470110,72083900,781.226,tonne,2986.026,UA
CBAM-92352603,76011000,261.077,tonne,671.658,MA
CBAM-84892124,28070010,985.616,tonne,4864.922,CN
CBAM-83669269,31021000,535.419,tonne,3623.996,IN
CBAM-77993570,27160000,788.308,tonne,1036.699,TR
CBAM-10747230,25232900,438.613,tonne,2701.082,UA
CBAM-95353758,72083900,642.637,tonne,781.003,MA
CBAM-85566639,76011000,237.804,tonne,336.931,CN
CBAM-70637964,28070010,54.337,tonne,4404.788,IN
CBAM-46161009,31021000,807.38,tonne,108.449,TR
CBAM-45585039,27160000,307.838,tonne,97.221,UA
CBAM-02473919,25232900,294.605,tonne,786.13,MA
CBAM-87750050,72083900,825.483,tonne,1560.721,CN
CBAM-53088435,76011000,768.489,tonne,2086.384,IN
CBAM-40696112,28070010,948.587,tonne,2900.548,TR
CBAM-07506843,31021000,537.884,tonne,1866.217,UA
CBAM-78207640,27160000,879.52,tonne,104.362,MA
CBAM-56645770,25232900,898.99,tonne,3071.834,CN
CBAM-11191346,72083900,999.025,tonne,2456.678,IN
CBAM-16442715,76011000,700.389,tonne,4374.65,TR
CBAM-20400649,28070010,912.788,tonne,1563.846,UA
CBAM-05936114,31021000,46.231,tonne,1950.174,MA
CBAM-42432826,27160000,255.049,tonne,1550.118,CN
CBAM-36144011,25232900,346.094,tonne,4376.738,IN
CBAM-03489324,72083900,42.033,tonne,576.082,TR
CBAM-34408923,76011000,461.542,tonne,3710.105,UA
CBAM-44564298,28070010,172.836,tonne,2395.516,MA
CBAM-76386231,31021000,437.898,tonne,3503.686,CN
CBAM-21273081,27160000,902.156,tonne,163.225,IN
CBAM-96090952,25232900,438.054,tonne,1325.345,TR
CBAM-93169048,72083900,405.418,tonne,3622.765,UA
CBAM-92434885,76011000,986.077,tonne,1252.493,MA
CBAM-90593539,28070010,220.506,tonne,4484.837,CN
CBAM-85497467,31021000,272.096,tonne,2921.664,IN
CBAM-19374976,27160000,302.987,tonne,2728.746,TR
CBAM-94403519,25232900,205.521,tonne,3191.51,UA
CBAM-28782976,72083900,538.34,tonne,4649.343,MA
CBAM-64700103,76011000,52.249,tonne,1204.232,CN
CBAM-80371381,28070010,749.112,tonne,1690.521,IN
CBAM-75211360,31021000,741.619,tonne,2695.493,TR
CBAM-83232627,27160000,568.97,tonne,605.806,UA
CBAM-29461067,25232900,561.667,tonne,252.599,MA
CBAM-44151538,72083900,532.861,tonne,4102.658,CN
CBAM-97693843,76011000,831.286,tonne,3313.768,IN
CBAM-31694001,28070010,996.506,tonne,2541.357,TR
CBAM-26810898,31021000,929.389,tonne,4327.919,UA
CBAM-53975098,27160000,236.239,tonne,367.44,MA
CBAM-90140282,25232900,612.571,tonne,1830.013,CN
CBAM-88569796,72083900,125.542,tonne,3002.273,IN
CBAM-13435588,76011000,85.497,tonne,3420.686,TR
CBAM-90599242,28070010,104.652,tonne,3948.464,UA
CBAM-03640188,31021000,117.536,tonne,2434.688,MA
CBAM-70995647,27160000,232.749,tonne,731.754,CN
CBAM-05065467,25232900,655.636,tonne,2497.598,IN
CBAM-73893693,72083900,587.69,tonne,877.795,TR
CBAM-81448391,76011000,609.207,tonne,4191.968,UA
CBAM-44816842,28070010,722.298,tonne,3742.309,MA
CBAM-04424224,31021000,521.871,tonne,3898.705,CN
CBAM-12320898,27160000,978.598,tonne,2470.685,IN
CBAM-86100904,25232900,579.267,tonne,3593.246,TR
CBAM-13638309,72083900,695.802,tonne,3920.365,UA
CBAM-37766474,76011000,587.536,tonne,1949.254,MA
CBAM-96475309,28070010,19.138,tonne,2698.462,CN
CBAM-55637534,31021000,69.945,tonne,1860.975,IN
CBAM-17399010,27160000,26.257,tonne,2229.227,TR
CBAM-08772256,25232900,452.681,tonne,32.74,UA
CBAM-88947447,72083900,452.659,tonne,1067.404,MA
CBAM-23392274,76011000,118.981,tonne,4386.017,CN
CBAM-89033056,28070010,806.956,tonne,2739.211,IN
CBAM-55769309,31021000,976.294,tonne,165.711,TR
CBAM-86584768,27160000,809.982,tonne,4933.433,UA
CBAM-76713282,25232900,488.942,tonne,4598.576,MA
CBAM-89213804,72083900,332.468,tonne,1427.411,CN
CBAM-42266983,76011000,263.884,tonne,1936.101,IN
CBAM-76650804,28070010,643.544,tonne,3641.624,TR
CBAM-34111490,31021000,89.189,tonne,4531.947,UA
CBAM-06281510,27160000,756.135,tonne,328.79,MA
CBAM-01299955,25232900,892.441,tonne,3560.706,CN
CBAM-35738943,72083900,292.897,tonne,3747.02,IN
CBAM-52822772,76011000,858.218,tonne,4092.422,TR
CBAM-61399492,28070010,499.307,tonne,1961.361,UA
CBAM-64821237,31021000,354.022,tonne,486.09,MA
CBAM-96234380,27160000,631.237,tonne,3955.66,CN
CBAM-47051034,25232900,511.675,tonne,1731.652,IN
CBAM-40563366,72083900,999.014,tonne,3439.045,TR
CBAM-25380411,76011000,874.997,tonne,3322.759,UA
CBAM-91196926,28070010,99.741,tonne,2482.186,MA
CBAM-04592217,31021000,636.821,tonne,2252.836,CN
CBAM-57956293,27160000,338.746,tonne,591.205,IN
CBAM-16657330,25232900,231.741,tonne,4899.353,TR
CBAM-32513131,72083900,937.707,tonne,1415.482,UA
CBAM-37427552,76011000,931.613,tonne,1756.403,MA
CBAM-22979413,28070010,79.935,tonne,2316.943,CN
CBAM-05480864,31021000,15.17,tonne,1114.486,IN
CBAM-96725748,27160000,215.438,tonne,890.908,TR
CBAM-61231380,25232900,250.169,tonne,3546.14,UA
CBAM-10430329,72083900,455.98,tonne,3713.675,MA
CBAM-11090573,76011000,862.78,tonne,45.98,CN
CBAM-12844370,28070010,265.566,tonne,268.972,IN
CBAM-24445158,31021000,323.303,tonne,2809.656,TR
CBAM-96963225,27160000,551.374,tonne,3341.99,UA
CBAM-64265080,25232900,876.512,tonne,3444.87,MA
CBAM-78746573,72083900,772.036,tonne,2824.761,CN
CBAM-28113636,76011000,926.282,tonne,498.542,IN
CBAM-29698498,28070010,499.789,tonne,2418.136,TR
CBAM-83954256,31021000,835.023,tonne,356.149,UA
CBAM-79500435,27160000,242.446,tonne,1478.189,MA
CBAM-44559581,25232900,93.885,tonne,3073.601,CN
CBAM-29279079,72083900,262.066,tonne,664.123,IN
CBAM-51952603,76011000,305.484,tonne,4866.334,TR
CBAM-06865936,28070010,211.631,tonne,2054.839,UA
CBAM-93057614,31021000,205.686,tonne,3798.544,MA
CBAM-92254952,27160000,764.384,tonne,1689.69,CN
CBAM-25862093,25232900,940.985,tonne,1209.159,IN
CBAM-97256203,72083900,189.993,tonne,944.331,TR
CBAM-22947292,76011000,397.185,tonne,4837.965,UA
CBAM-98884564,28070010,285.071,tonne,178.196,MA
CBAM-84675274,31021000,100.391,tonne,2291.412,CN
CBAM-57601151,27160000,717.91,tonne,1369.384,IN
CBAM-03054433,25232900,194.484,tonne,3778.434,TR
CBAM-08202790,72083900,11.159,tonne,1957.272,UA
CBAM-84527970,76011000,490.807,tonne,3137.538,MA
CBAM-72673732,28070010,846.826,tonne,425.123,CN
CBAM-13282579,31021000,754.333,tonne,1253.947,IN
CBAM-66374699,27160000,367.682,tonne,3446.901,TR
CBAM-78570354,25232900,920.29,tonne,1130.643,UA
CBAM-94488069,72083900,365.997,tonne,1568.419,MA
CBAM-14420714,76011000,670.852,tonne,4285.741,CN
CBAM-29167700,28070010,10.722,tonne,1311.668,IN
CBAM-69920874,31021000,196.879,tonne,4968.975,TR
CBAM-83872358,27160000,725.183,tonne,2171.183,UA
CBAM-35083539,25232900,766.824,tonne,3383.653,MA
CBAM-96552869,72083900,318.441,tonne,4533.861,CN
CBAM-28489575,76011000,20.473,tonne,2035.282,IN
CBAM-42959470,28070010,491.959,tonne,2404.675,TR
CBAM-41999612,31021000,501.022,tonne,3910.115,UA
CBAM-87287166,27160000,232.948,tonne,4110.673,MA
CBAM-83920675,25232900,786.923,tonne,974.558,CN
CBAM-73043861,72083900,515.047,tonne,2745.455,IN
CBAM-37218123,76011000,523.925,tonne,55.921,TR
CBAM-45622154,28070010,301.841,tonne,4139.676,UA
CBAM-96790247,31021000,564.217,tonne,1412.338,MA
CBAM-01796278,27160000,259.364,tonne,2743.639,CN
CBAM-96067697,25232900,647.692,tonne,355.828,IN
CBAM-30134586,72083900,172.984,tonne,3313.357,TR
CBAM-24087226,76011000,424.046,tonne,4510.909,UA
CBAM-30347820,28070010,380.198,tonne,2912.702,MA
CBAM-06405337,31021000,69.289,tonne,1115.954,CN
CBAM-39406065,27160000,416.66,tonne,1594.086,IN
CBAM-78034402,25232900,199.441,tonne,1325.397,TR
CBAM-66113565,72083900,89.204,tonne,1269.15,UA
CBAM-76175535,76011000,160.244,tonne,2812.664,MA
CBAM-64713337,28070010,447.891,tonne,1305.082,CN
CBAM-64889570,31021000,578.017,tonne,3714.061,IN
CBAM-03492616,27160000,684.386,tonne,4030.162,TR
CBAM-08289911,25232900,756.441,tonne,3221.05,UA
CBAM-02909749,72083900,472.843,tonne,891.767,MA
CBAM-61584411,76011000,475.15,tonne,3813.121,CN
CBAM-93259165,28070010,120.699,tonne,1582.818,IN
CBAM-96670431,31021000,625.797,tonne,4339.524,TR
CBAM-76913725,27160000,827.346,tonne,2540.529,UA
CBAM-27084909,25232900,677.63,tonne,3754.594,MA
CBAM-82566374,72083900,64.692,tonne,712.045,CN
CBAM-63327321,76011000,390.976,tonne,4860.542,IN
CBAM-06872007,28070010,562.675,tonne,620.487,TR
CBAM-88236499,31021000,662.415,tonne,2459.565,UA
CBAM-73280717,27160000,943.616,tonne,1883.459,MA
CBAM-88973161,25232900,207.685,tonne,4298.104,CN
CBAM-15459216,72083900,459.94,tonne,2146.018,IN
CBAM-88646782,76011000,793.844,tonne,4953.146,TR
CBAM-18147534,28070010,796.646,tonne,2543.713,UA
CBAM-20590040,31021000,187.378,tonne,3634.663,MA
CBAM-11554393,27160000,505.038,tonne,4654.684,CN
CBAM-13421108,25232900,669.628,tonne,2461.405,IN
CBAM-95850715,72083900,144.162,tonne,978.83,TR
CBAM-87005084,76011000,927.722,tonne,3304.737,UA
CBAM-97305290,28070010,331.887,tonne,2125.778,MA
CBAM-30368285,31021000,652.805,tonne,2886.971,CN
CBAM-12310306,27160000,484.802,tonne,1684.915,IN
CBAM-23935648,25232900,703.881,tonne,1243.259,TR
CBAM-95756269,72083900,491.677,tonne,2521.197,UA
CBAM-87165670,76011000,660.888,tonne,4498.616,MA
CBAM-70781774,28070010,947.066,tonne,4631.066,CN
CBAM-93767244,31021000,919.491,tonne,479.311,IN
CBAM-18012570,27160000,254.191,tonne,3681.204,TR
CBAM-80699034,25232900,249.434,tonne,3247.953,UA
CBAM-30258956,72083900,903.23,tonne,3958.31,MA
CBAM-02232365,76011000,634.535,tonne,4764.05,CN
CBAM-50851129,28070010,484.873,tonne,367.515,IN
CBAM-73536213,31021000,537.826,tonne,4974.005,TR
CBAM-57437877,27160000,197.193,tonne,4761.616,UA
CBAM-30103636,25232900,450.758,tonne,930.88,MA
CBAM-00564089,72083900,810.477,tonne,3859.21,CN
CBAM-07065688,76011000,894.93,tonne,4485.189,IN
CBAM-90331984,28070010,708.406,tonne,2930.484,TR
CBAM-62996496,31021000,916.107,tonne,4349.589,UA
CBAM-39517414,27160000,239.855,tonne,272.783,MA
CBAM-51170118,25232900,383.267,tonne,791.881,CN
CBAM-24570490,72083900,479.567,tonne,485.686,IN
CBAM-26330385,76011000,616.307,tonne,4547.98,TR
CBAM-68275592,28070010,621.769,tonne,2236.186,UA
CBAM-89896139,31021000,143.482,tonne,3907.157,MA
CBAM-11023456,27160000,890.932,tonne,2890.903,CN
CBAM-87730404,25232900,937.679,tonne,284.921,IN
CBAM-13036738,72083900,334.634,tonne,1429.043,TR
CBAM-64877241,76011000,840.979,tonne,3506.915,UA
CBAM-79897274,28070010,667.396,tonne,503.387,MA
CBAM-18366115,31021000,750.031,tonne,2185.794,CN
CBAM-89202535,27160000,192.492,tonne,4681.252,IN
CBAM-90657907,25232900,304.914,tonne,1938.77,TR
CBAM-44523917,72083900,109.17,tonne,633.923,UA
CBAM-17735755,76011000,304.214,tonne,3177.594,MA
CBAM-93871504,28070010,162.023,tonne,1144.622,CN
CBAM-00252427,31021000,11.082,tonne,638.466,IN
CBAM-47073031,27160000,640.215,tonne,1574.371,TR
CBAM-34070498,25232900,92.592,tonne,1891.24,UA
CBAM-21563928,72083900,568.966,tonne,2179.995,MA
CBAM-65135918,76011000,889.165,tonne,2860.866,CN
CBAM-67451577,28070010,539.294,tonne,3404.163,IN
CBAM-66652891,31021000,405.604,tonne,2084.374,TR
CBAM-21887402,27160000,710.441,tonne,775.515,UA
CBAM-56539888,25232900,385.096,tonne,1489.69,MA
CBAM-57780471,72083900,691.299,tonne,692.838,CN
CBAM-45906737,76011000,277.063,tonne,128.236,IN
CBAM-75451256,28070010,553.947,tonne,3973.57,TR
CBAM-60562694,31021000,205.947,tonne,4027.133,UA
CBAM-99798656,27160000,887.139,tonne,3647.092,MA
CBAM-29587879,25232900,368.822,tonne,697.764,CN
CBAM-23104274,72083900,835.724,tonne,1555.538,IN
CBAM-24838478,76011000,194.544,tonne,1577.574,TR
CBAM-72124087,28070010,127.286,tonne,3360.196,UA
CBAM-37057001,31021000,829.199,tonne,3127.832,MA
CBAM-03320849,27160000,835.483,tonne,1098.902,CN
CBAM-01714988,25232900,108.318,tonne,2731.536,IN
CBAM-92170499,72083900,130.738,tonne,52.825,TR
CBAM-96092836,76011000,868.252,tonne,4420.889,UA
CBAM-52644010,28070010,901.586,tonne,814.771,MA
CBAM-00624084,31021000,434.369,tonne,396.232,CN
CBAM-17084329,27160000,845.954,tonne,2346.186,IN
CBAM-09586512,25232900,496.582,tonne,23.83,TR
CBAM-69462500,72083900,502.603,tonne,2712.27,UA
CBAM-32664389,76011000,653.159,tonne,3243.573,MA
CBAM-51450379,28070010,772.834,tonne,2981.391,CN
CBAM-26487655,31021000,548.782,tonne,1739.127,IN
CBAM-71845170,27160000,578.004,tonne,2443.375,TR
CBAM-40609281,25232900,250.352,tonne,835.187,UA
CBAM-03768277,72083900,206.005,tonne,1994.579,MA
CBAM-79509490,76011000,915.234,tonne,2198.002,CN
CBAM-27462051,28070010,666.3,tonne,941.067,IN
CBAM-12618744,31021000,962.775,tonne,3352.941,TR
CBAM-28876919,27160000,103.867,tonne,3199.985,UA
CBAM-86394528,25232900,867.313,tonne,1065.382,MA
CBAM-57872774,72083900,248.576,tonne,3307.131,CN
CBAM-04131660,76011000,140.538,tonne,98.097,IN
CBAM-51931093,28070010,606.083,tonne,3486.875,TR
CBAM-71140237,31021000,13.833,tonne,348.619,UA
CBAM-75306076,27160000,481.665,tonne,1816.445,MA
CBAM-49240348,25232900,357.576,tonne,3558.59,CN
CBAM-81225462,72083900,825.785,tonne,2830.176,IN
CBAM-53318870,76011000,184.543,tonne,2601.387,TR
CBAM-25701488,28070010,962.193,tonne,512.519,UA
CBAM-70053635,31021000,324.167,tonne,3921.156,MA
CBAM-00907177,27160000,28.112,tonne,1741.149,CN
CBAM-59159512,25232900,742.54,tonne,529.648,IN
CBAM-00472866,72083900,113.282,tonne,2408.425,TR
CBAM-97714916,76011000,316.802,tonne,1151.608,UA
CBAM-06537523,28070010,382.102,tonne,3241.502,MA
CBAM-12886685,31021000,579.621,tonne,4659.722,CN
CBAM-75392197,27160000,160.979,tonne,607.544,IN
CBAM-98450025,25232900,893.865,tonne,4696.039,TR
CBAM-57021519,72083900,881.767,tonne,458.431,UA
CBAM-27712294,76011000,515.64,tonne,2878.002,MA
CBAM-54215164,28070010,425.483,tonne,4323.654,CN
CBAM-35640660,31021000,803.868,tonne,996.389,IN
CBAM-95831962,27160000,601.552,tonne,2085.482,TR
CBAM-26079606,25232900,549.282,tonne,352.874,UA
CBAM-59755264,72083900,326.287,tonne,3921.206,MA
CBAM-54561683,76011000,324.849,tonne,3865.507,CN
CBAM-10369475,28070010,318.859,tonne,3406.875,IN
CBAM-29545627,31021000,683.191,tonne,326.835,TR
CBAM-78728432,27160000,88.217,tonne,3822.775,UA
CBAM-99749032,25232900,870.892,tonne,254.204,MA
CBAM-46396393,72083900,398.026,tonne,2483.033,CN
CBAM-44848846,76011000,633.905,tonne,4248.436,IN
CBAM-79142247,28070010,246.078,tonne,1636.187,TR
CBAM-36930940,31021000,441.128,tonne,4586.889,UA
CBAM-54865358,27160000,104.155,tonne,2519.518,MA
CBAM-54313531,25232900,57.997,tonne,3887.726,CN
CBAM-94241694,72083900,790.673,tonne,1724.44,IN
CBAM-83843091,76011000,244.71,tonne,783.873,TR
CBAM-78954885,28070010,188.892,tonne,1290.232,UA
CBAM-85591704,31021000,389.592,tonne,278.825,MA
CBAM-90576404,27160000,242.954,tonne,2572.574,CN
CBAM-48106038,25232900,655.126,tonne,2759.918,IN
CBAM-98884900,72083900,955.248,tonne,452.231,TR
CBAM-83150012,76011000,389.402,tonne,2027.931,UA
CBAM-30969861,28070010,647.604,tonne,3684.218,MA
CBAM-86235864,31021000,13.358,tonne,239.333,CN
CBAM-32071725,27160000,231.082,tonne,3248.959,IN
CBAM-06875317,25232900,477.956,tonne,2862.649,TR
CBAM-50779679,72083900,217.725,tonne,3806.304,UA
CBAM-84984932,76011000,18.506,tonne,4518.412,MA
CBAM-28466991,28070010,33.089,tonne,2955.083,CN
CBAM-70951950,31021000,118.51,tonne,1331.887,IN
CBAM-42346720,27160000,801.866,tonne,278.524,TR
CBAM-92417740,25232900,165.593,tonne,357.817,UA
CBAM-48787521,72083900,627.546,tonne,908.768,MA
CBAM-08332158,76011000,570.756,tonne,1521.214,CN
CBAM-92186745,28070010,40.267,tonne,4118.528,IN
CBAM-35479858,31021000,263.99,tonne,1272.547,TR
CBAM-67699337,27160000,966.606,tonne,3554.684,UA
CBAM-46753237,25232900,346.47,tonne,177.458,MA
CBAM-56548806,72083900,158.914,tonne,3266.926,CN
CBAM-38506374,76011000,848.503,tonne,4308.525,IN
CBAM-56861217,28070010,544.749,tonne,4906.482,TR
CBAM-97014139,31021000,168.29,tonne,1500.884,UA
CBAM-50912656,27160000,792.866,tonne,2373.978,MA
CBAM-32426578,25232900,146.982,tonne,4673.234,CN
CBAM-62117955,72083900,811.249,tonne,743.393,IN
CBAM-02026459,76011000,988.538,tonne,3662.838,TR
CBAM-44190034,28070010,761.445,tonne,625.139,UA
CBAM-92587521,31021000,495.912,tonne,3665.097,MA
CBAM-74767407,27160000,694.648,tonne,2449.722,CN
CBAM-27854492,25232900,255.528,tonne,4614.324,IN
CBAM-10981944,72083900,20.529,tonne,840.033,TR
CBAM-84030315,76011000,730.42,tonne,1632.456,UA
CBAM-79222013,28070010,286.157,tonne,3337.822,MA
CBAM-95309383,31021000,729.407,tonne,3722.727,CN
CBAM-96829574,27160000,648.989,tonne,3722.281,IN
CBAM-48932306,25232900,786.071,tonne,3743.152,TR
CBAM-95282104,72083900,616.358,tonne,1580.404,UA
CBAM-83872129,76011000,32.294,tonne,1145.903,MA
CBAM-01015366,28070010,688.205,tonne,728.452,CN
CBAM-40886816,31021000,747.981,tonne,2992.628,IN
CBAM-91088585,27160000,614.53,tonne,3793.797,TR
CBAM-42170130,25232900,115.527,tonne,3549.812,UA
CBAM-87594631,72083900,169.276,tonne,4805.125,MA
CBAM-69077039,76011000,401.745,tonne,871.239,CN
CBAM-56953093,28070010,401.767,tonne,3012.078,IN
CBAM-61350278,31021000,369.323,tonne,2961.252,TR
CBAM-34562322,27160000,832.711,tonne,1975.104,UA
CBAM-63465668,25232900,403.128,tonne,3810.857,MA
CBAM-23882652,72083900,122.867,tonne,2151.615,CN
CBAM-30844810,76011000,68.149,tonne,1671.514,IN
CBAM-69413976,28070010,259.726,tonne,3806.896,TR
CBAM-87609439,31021000,570.189,tonne,713.027,UA
CBAM-28060511,27160000,888.713,tonne,1854.767,MA
CBAM-68729025,25232900,705.017,tonne,1821.816,CN
CBAM-22301663,72083900,635.528,tonne,4664.782,IN
CBAM-42922979,76011000,634.123,tonne,3705.516,TR
CBAM-22795925,28070010,909.088,tonne,3950.32,UA
CBAM-87188084,31021000,77.812,tonne,4073.573,MA
CBAM-03371866,27160000,738.418,tonne,149.69,CN
CBAM-40686304,25232900,926.211,tonne,3788.45,IN
CBAM-02217597,72083900,387.865,tonne,4125.628,TR
CBAM-46101429,76011000,151.527,tonne,2313.249,UA
CBAM-52521893,28070010,433.157,tonne,3372.712,MA
CBAM-88140998,31021000,86.031,tonne,3614.536,CN
CBAM-01785405,27160000,759.626,tonne,1600.235,IN
CBAM-41571153,25232900,25.859,tonne,2150.434,TR
CBAM-56747012,72083900,108.952,tonne,3403.608,UA
CBAM-01686929,76011000,758.268,tonne,2156.686,MA
CBAM-20444424,28070010,36.641,tonne,4775.403,CN
CBAM-57064730,31021000,863.288,tonne,1727.734,IN
CBAM-31793237,27160000,329.279,tonne,2154.903,TR
CBAM-97346065,25232900,670.04,tonne,2439.101,UA
CBAM-68421411,72083900,697.964,tonne,3400.128,MA
CBAM-88437663,76011000,119.882,tonne,2294.757,CN
CBAM-36299063,28070010,650.265,tonne,1200.52,IN
CBAM-71281514,31021000,447.55,tonne,1863.017,TR
CBAM-74725635,27160000,345.246,tonne,2108.284,UA
CBAM-45224966,25232900,63.893,tonne,4010.157,MA
CBAM-16990519,72083900,156.008,tonne,4821.795,CN
CBAM-87504034,76011000,910.758,tonne,4802.598,IN
CBAM-21547929,28070010,155.11,tonne,4888.205,TR
CBAM-27165085,31021000,774.876,tonne,396.172,UA
CBAM-41024041,27160000,722.132,tonne,4290.689,MA
CBAM-90485569,25232900,509.207,tonne,1078.216,CN
CBAM-99183119,72083900,635.486,tonne,4917.739,IN
CBAM-42176458,76011000,419.064,tonne,4061.274,TR
CBAM-09473527,28070010,492.558,tonne,938.635,UA
CBAM-89804554,31021000,877.837,tonne,2053.093,MA
CBAM-33522249,27160000,783.5,tonne,794.892,CN
CBAM-66013930,25232900,274.819,tonne,4392.071,IN
CBAM-93432880,72083900,687.179,tonne,3992.457,TR
CBAM-63812532,76011000,659.005,tonne,2737.698,UA
CBAM-53528580,28070010,772.776,tonne,4767.448,MA
CBAM-84804776,31021000,622.427,tonne,4827.737,CN
CBAM-36326146,27160000,84.952,tonne,3373.683,IN
CBAM-23001559,25232900,274.617,tonne,667.739,TR
CBAM-41470420,72083900,189.588,tonne,1369.375,UA
CBAM-27071866,76011000,893.488,tonne,2435.618,MA
CBAM-55057308,28070010,112.693,tonne,4676.005,CN
CBAM-99151573,31021000,758.782,tonne,2515.684,IN
CBAM-11050632,27160000,303.382,tonne,856.409,TR
CBAM-30591651,25232900,868.336,tonne,634.745,UA
CBAM-31444787,72083900,272.271,tonne,637.513,MA
CBAM-73209540,76011000,577.549,tonne,4963.167,CN
CBAM-96644288,28070010,162.127,tonne,2946.004,IN
CBAM-80617354,31021000,950.799,tonne,184.345,TR
CBAM-29246065,27160000,71.583,tonne,2112.95,UA
CBAM-37476284,25232900,726.56,tonne,2385.478,MA
CBAM-15067561,72083900,602.733,tonne,1652.481,CN
CBAM-65931355,76011000,746.239,tonne,2464.944,IN
CBAM-38213409,28070010,660.419,tonne,3652.871,TR
CBAM-83829099,31021000,332.787,tonne,496.196,UA
CBAM-05091003,27160000,158.443,tonne,2651.204,MA
CBAM-10449295,25232900,663.642,tonne,1880.349,CN
CBAM-55883668,72083900,575.974,tonne,4055.036,IN
CBAM-33647621,76011000,886.292,tonne,2710.964,TR
CBAM-25568164,28070010,215.12,tonne,3977.4,UA
CBAM-35095077,31021000,211.341,tonne,4431.355,MA
CBAM-71431217,27160000,303.458,tonne,2152.473,CN
CBAM-83555039,25232900,218.854,tonne,3454.116,IN
CBAM-34598526,72083900,401.286,tonne,4429.126,TR
CBAM-62815156,76011000,770.492,tonne,2083.97,UA
CBAM-69552180,28070010,245.206,tonne,324.755,MA
CBAM-63534253,31021000,283.806,tonne,4802.614,CN
CBAM-98556355,27160000,816.094,tonne,4467.427,IN
CBAM-79800631,25232900,948.73,tonne,922.534,TR
CBAM-18755279,72083900,247.522,tonne,4363.034,UA
CBAM-16539994,76011000,299.635,tonne,4229.704,MA
CBAM-38791236,28070010,904.115,tonne,3165.537,CN
CBAM-43929993,31021000,558.907,tonne,2924.65,IN
CBAM-45696158,27160000,369.446,tonne,818.94,TR
CBAM-60181917,25232900,743.589,tonne,2839.941,UA
CBAM-25490363,72083900,898.366,tonne,2328.007,MA
CBAM-90375998,76011000,177.041,tonne,4074.15,CN
CBAM-19719412,28070010,943.76,tonne,1704.397,IN
CBAM-93071394,31021000,169.618,tonne,1948.474,TR
CBAM-94552119,27160000,231.322,tonne,3934.564,UA
CBAM-31096973,25232900,137.608,tonne,3698.091,MA
CBAM-69688877,72083900,872.51,tonne,895.469,CN
CBAM-43716338,76011000,240.855,tonne,1528.66,IN
CBAM-73919242,28070010,494.359,tonne,3315.245,TR
CBAM-77512638,31021000,13.829,tonne,4411.868,UA
CBAM-92246000,27160000,782.944,tonne,2028.553,MA
CBAM-49104314,25232900,316.958,tonne,3952.934,CN
CBAM-65475316,72083900,261.069,tonne,1425.203,IN
CBAM-47015897,76011000,445.61,tonne,4535.266,TR
CBAM-83576153,28070010,613.026,tonne,1499.784,UA
CBAM-40809557,31021000,382.203,tonne,4865.849,MA
CBAM-58294186,27160000,552.21,tonne,4897.455,CN
CBAM-29719933,25232900,604.331,tonne,3925.304,IN
CBAM-11560784,72083900,220.031,tonne,1798.57,TR
CBAM-08962232,76011000,231.24,tonne,3368.867,UA
CBAM-86463202,28070010,529.332,tonne,1021.913,MA
CBAM-50925603,31021000,966.281,tonne,4086.958,CN
CBAM-68157416,27160000,275.99,tonne,332.471,IN
CBAM-58995292,25232900,879.167,tonne,19.629,TR
CBAM-30047215,72083900,59.38,tonne,4358.139,UA
CBAM-74645294,76011000,102.271,tonne,4840.942,MA
CBAM-57557549,28070010,832.136,tonne,4072.771,CN
CBAM-53510119,31021000,179.753,tonne,2075.516,IN
CBAM-69182029,27160000,782.21,tonne,782.764,TR
CBAM-01224999,25232900,893.237,tonne,1927.902,UA
CBAM-78823144,72083900,834.305,tonne,2428.292,MA
CBAM-63132315,76011000,638.86,tonne,2827.386,CN
CBAM-80556657,28070010,281.502,tonne,3291.018,IN
CBAM-96951126,31021000,677.369,tonne,356.486,TR
CBAM-42249777,27160000,959.217,tonne,266.448,UA
CBAM-07975955,25232900,547.128,tonne,4871.62,MA
CBAM-79614861,72083900,564.46,tonne,2917.71,CN
CBAM-60113141,76011000,89.923,tonne,3959.241,IN
CBAM-30010396,28070010,440.14,tonne,4896.171,TR
CBAM-44422489,31021000,472.441,tonne,3006.853,UA
CBAM-76148879,27160000,146.082,tonne,3734.814,MA
CBAM-25273573,25232900,176.951,tonne,4045.499,CN
CBAM-96400893,72083900,863.56,tonne,332.996,IN
CBAM-95954639,76011000,322.75,tonne,3072.982,TR
CBAM-51520223,28070010,300.889,tonne,2685.384,UA
CBAM-98492890,31021000,71.188,tonne,4182.535,MA
CBAM-34632202,27160000,941.951,tonne,874.679,CN
CBAM-01974428,25232900,703.056,tonne,1233.629,IN
CBAM-15420711,72083900,54.84,tonne,1678.914,TR
CBAM-40686509,76011000,353.457,tonne,3553.628,UA
CBAM-54937728,28070010,673.845,tonne,4117.708,MA
CBAM-50361146,31021000,463.577,tonne,905.203,CN
CBAM-42264349,27160000,461.271,tonne,2502.709,IN
CBAM-10634545,25232900,651.846,tonne,3057.771,TR
CBAM-66017864,72083900,162.762,tonne,4664.538,UA
CBAM-86782709,76011000,699.731,tonne,1673.838,MA
CBAM-93780750,28070010,364.041,tonne,2534.464,CN
CBAM-93173943,31021000,391.969,tonne,3226.988,IN
CBAM-14284990,27160000,895.861,tonne,1668.474,TR
CBAM-42107370,25232900,216.53,tonne,4331.027,UA
CBAM-70564008,72083900,538.849,tonne,4196.238,MA
